CEST;NCM/SH;Segmento CEST;Item;Descrição CEST;Anexo XXVII
01.001.00;3815.12.10;01. Autopeças;1.0;Catalisadores em colmeia cerâmica ou metálica para conversão catalítica de gases de escape de veículos e outros catalisadores;
01.001.00;3815.12.90;01. Autopeças;1.0;Catalisadores em colmeia cerâmica ou metálica para conversão catalítica de gases de escape de veículos e outros catalisadores;
01.002.00;3917;01. Autopeças;2.0;Tubos e seus acessórios (por exemplo, juntas, cotovelos, flanges, uniões), de plásticos;
01.003.00;3918.10.00;01. Autopeças;3.0;Protetores de caçamba;
01.004.00;3923.30.00;01. Autopeças;4.0;Reservatórios de óleo;
01.005.00;3926.30.00;01. Autopeças;5.0;Frisos, decalques, molduras e acabamentos;
01.006.00;4010.3;01. Autopeças;6.0;Correias de transmissão de borracha vulcanizada, de matérias têxteis, mesmo impregnadas, revestidas ou recobertas, de plástico, ou estratificadas com plástico ou reforçadas com metal ou com outras matérias;
01.006.00;5910.00.00;01. Autopeças;6.0;Correias de transmissão de borracha vulcanizada, de matérias têxteis, mesmo impregnadas, revestidas ou recobertas, de plástico, ou estratificadas com plástico ou reforçadas com metal ou com outras matérias;
01.007.00;4016.93.00;01. Autopeças;7.0;Juntas, gaxetas e outros elementos com função semelhante de vedação;
01.007.00;4823.90.9;01. Autopeças;7.0;Juntas, gaxetas e outros elementos com função semelhante de vedação;
01.008.00;4016.10.10;01. Autopeças;8.0;Partes de veículos automóveis, tratores e máquinas autopropulsadas;
01.009.00;4016.99.90;01. Autopeças;9.0;Tapetes, revestimentos, mesmo confeccionados, batentes, buchas e coxins;
01.009.00;5705.00.00;01. Autopeças;9.0;Tapetes, revestimentos, mesmo confeccionados, batentes, buchas e coxins;
01.010.00;5903.90.00;01. Autopeças;10.0;Tecidos impregnados, revestidos, recobertos ou estratificados, com plástico;
01.011.00;5909.00.00;01. Autopeças;11.0;Mangueiras e tubos semelhantes, de matérias têxteis, mesmo com reforço ou acessórios de outras matérias;
01.012.00;6306.1;01. Autopeças;12.0;Encerados e toldos;
01.013.00;6506.10.00;01. Autopeças;13.0;Capacetes e artefatos de uso semelhante, de proteção, para uso em motocicletas, incluídos ciclomotores;
01.014.00;6813;01. Autopeças;14.0;Guarnições de fricção (por exemplo, placas, rolos, tiras, segmentos, discos, anéis, pastilhas), não montadas, para freios, embreagens ou qualquer outro mecanismo de fricção, à base de amianto, de outras substâncias minerais ou de celulose, mesmo combinadas com têxteis ou outras matérias;
01.015.00;7007.11.00;01. Autopeças;15.0;Vidros de dimensões e formatos que permitam aplicação automotiva;
01.015.00;7007.21.00;01. Autopeças;15.0;Vidros de dimensões e formatos que permitam aplicação automotiva;
01.016.00;7009.10.00;01. Autopeças;16.0;Espelhos retrovisores;
01.017.00;7014.00.00;01. Autopeças;17.0;Lentes de faróis, lanternas e outros utensílios;
01.018.00;7311.00.00;01. Autopeças;18.0;Cilindro de aço para GNV (gás natural veicular);
01.019.00;7311.00.00;01. Autopeças;19.0;Recipientes para gases comprimidos ou liquefeitos, de ferro fundido, ferro ou aço, exceto o descrito no item 18.0;
01.020.00;7320;01. Autopeças;20.0;Molas e folhas de molas, de ferro ou aço;
01.021.00;7325;01. Autopeças;21.0;Obras moldadas, de ferro fundido, ferro ou aço, exceto as do código 7325.91.00;
01.022.00;7806.00;01. Autopeças;22.0;Peso de chumbo para balanceamento de roda;
01.023.00;8007.00.90;01. Autopeças;23.0;Peso para balanceamento de roda e outros utensílios de estanho;
01.024.00;8301.20;01. Autopeças;24.0;Fechaduras e partes de fechaduras;
01.024.00;8301.60;01. Autopeças;24.0;Fechaduras e partes de fechaduras;
01.025.00;8301.70;01. Autopeças;25.0;Chaves apresentadas isoladamente;
01.026.00;8302.10.00;01. Autopeças;26.0;Dobradiças, guarnições, ferragens e artigos semelhantes de metais comuns;
01.026.00;8302.30.00;01. Autopeças;26.0;Dobradiças, guarnições, ferragens e artigos semelhantes de metais comuns;
01.027.00;8310.00;01. Autopeças;27.0;Triângulo de segurança;
01.028.00;8407.3;01. Autopeças;28.0;Motores de pistão alternativo dos tipos utilizados para propulsão de veículos do Capítulo 87;
01.029.00;8408.20;01. Autopeças;29.0;Motores dos tipos utilizados para propulsão de veículos automotores;
01.030.00;8409.9;01. Autopeças;30.0;Partes reconhecíveis como exclusiva ou principalmente destinadas aos motores das posições 8407 ou 8408;
01.031.00;8412.2;01. Autopeças;31.0;Motores hidráulicos;
01.032.00;8413.30;01. Autopeças;32.0;Bombas para combustíveis, lubrificantes ou líquidos de arrefecimento, próprias para motores de ignição por centelha ou por compressão;
01.033.00;8414.10.00;01. Autopeças;33.0;Bombas de vácuo;
01.034.00;8414.80.1;01. Autopeças;34.0;Compressores e turbocompressores de ar;
01.034.00;8414.80.2;01. Autopeças;34.0;Compressores e turbocompressores de ar;
01.035.00;8413.91.90;01. Autopeças;35.0;Partes das bombas, compressores e turbocompressores dos CEST 01.032.00, 01.033.00 e 01.034.00;
01.035.00;8414.90.10;01. Autopeças;35.0;Partes das bombas, compressores e turbocompressores dos CEST 01.032.00, 01.033.00 e 01.034.00;
01.035.00;8414.90.3;01. Autopeças;35.0;Partes das bombas, compressores e turbocompressores dos CEST 01.032.00, 01.033.00 e 01.034.00;
01.035.00;8414.90.39;01. Autopeças;35.0;Partes das bombas, compressores e turbocompressores dos CEST 01.032.00, 01.033.00 e 01.034.00;
01.036.00;8415.20;01. Autopeças;36.0;Máquinas e aparelhos de ar condicionado;
01.037.00;8421.23.00;01. Autopeças;37.0;Aparelhos para filtrar óleos minerais nos motores de ignição por centelha ou por compressão;
01.038.00;8421.29.90;01. Autopeças;38.0;Filtros a vácuo;
01.039.00;8421.9;01. Autopeças;39.0;Partes dos aparelhos para filtrar ou depurar líquidos ou gases;
01.040.00;8424.10.00;01. Autopeças;40.0;Extintores, mesmo carregados;
01.041.00;8421.31.00;01. Autopeças;41.0;Filtros de entrada de ar para motores de ignição por centelha ou por compressão;
01.042.00;8421.39.20;01. Autopeças;42.0;Depuradores por conversão catalítica de gases de escape;
01.043.00;8425.42.00;01. Autopeças;43.0;Macacos;
01.044.00;8431.10.10;01. Autopeças;44.0;Partes para macacos do CEST 01.043.00;
01.045.00;8431.49.2;01. Autopeças;45.0;Partes reconhecíveis como exclusiva ou principalmente destinadas às máquinas agrícolas ou rodoviárias;
01.045.01;8433.90.90;01. Autopeças;45.1;Partes reconhecíveis como exclusiva ou principalmente destinadas às máquinas agrícolas ou rodoviárias;
01.046.00;8481.10.00;01. Autopeças;46.0;Válvulas redutoras de pressão;
01.047.00;8481.2;01. Autopeças;47.0;Válvulas para transmissão óleo-hidráulicas ou pneumáticas;
01.048.00;8481.80.92;01. Autopeças;48.0;Válvulas solenoides;
01.049.00;8482;01. Autopeças;49.0;Rolamentos;
01.050.00;8483;01. Autopeças;50.0;"Árvores de transmissão (incluídas as árvores de “cames” e virabrequins) e manivelas; mancais e “bronzes”; engrenagens e rodas de fricção; eixos de esferas ou de roletes; redutores, multiplicadores, caixas de transmissão e variadores de velocidade, incluídos os conversores de torque; volantes e polias, incluídas as polias para cadernais; embreagens e dispositivos de acoplamento, incluídas as juntas de articulação";
01.051.00;8484;01. Autopeças;51.0;"Juntas metaloplásticas; jogos ou sortidos de juntas de composições diferentes, apresentados em bolsas, envelopes ou embalagens semelhantes; juntas de vedação mecânicas (selos mecânicos)";
01.052.00;8505.20;01. Autopeças;52.0;Acoplamentos, embreagens, variadores de velocidade e freios, eletromagnéticos;
01.053.00;8507.10;01. Autopeças;53.0;Acumuladores elétricos de chumbo, do tipo utilizado para o arranque dos motores de pistão, exceto os classificados no CEST 01.053.01;
01.053.01;8507.10.10;01. Autopeças;53.1;Acumuladores elétricos de chumbo, do tipo utilizado para o arranque dos motores de pistão e de capacidade inferior a 20 Ah e tensão inferior ou igual a 12 V;
01.054.00;8511;01. Autopeças;54.0;"Aparelhos e dispositivos elétricos de ignição ou de arranque para motores de ignição por centelha ou por compressão (por exemplo, magnetos, dínamos-magnetos, bobinas de ignição, velas de ignição ou de aquecimento, motores de arranque); geradores (dínamos e alternadores, por exemplo) e conjuntores-disjuntores utilizados com estes motores";
01.055.00;8512.20;01. Autopeças;55.0;Aparelhos elétricos de iluminação ou de sinalização (exceto os da posição 8539), limpadores de para-brisas, degeladores e desembaçadores (desembaciadores) elétricos e suas partes;
01.055.00;8512.40;01. Autopeças;55.0;Aparelhos elétricos de iluminação ou de sinalização (exceto os da posição 8539), limpadores de para-brisas, degeladores e desembaçadores (desembaciadores) elétricos e suas partes;
01.055.00;8512.90.00;01. Autopeças;55.0;Aparelhos elétricos de iluminação ou de sinalização (exceto os da posição 8539), limpadores de para-brisas, degeladores e desembaçadores (desembaciadores) elétricos e suas partes;
01.056.00;8517.12.13;01. Autopeças;56.0;Telefones móveis do tipo dos utilizados em veículos automóveis.;
01.057.00;8518;01. Autopeças;57.0;Alto-falantes, amplificadores elétricos de audiofrequência e partes;
01.058.00;8518.50.00;01. Autopeças;58.0;Aparelhos elétricos de amplificação de som para veículos automotores;
01.059.00;8519.81;01. Autopeças;59.0;Aparelhos de reprodução de som;
01.060.00;8525.50.1;01. Autopeças;60.0;Aparelhos transmissores (emissores) de radiotelefonia ou radiotelegrafia (rádio receptor/transmissor);
01.060.00;8525.60.10;01. Autopeças;60.0;Aparelhos transmissores (emissores) de radiotelefonia ou radiotelegrafia (rádio receptor/transmissor);
01.061.00;8527.21.00;01. Autopeças;61.0;Aparelhos receptores de radiodifusão que só funcionem com fonte externa de energia combinados com um aparelho de gravação ou de reprodução de som, do tipo utilizado em veículos automóveis;
01.062.00;8527.29.00;01. Autopeças;62.0;Outros aparelhos receptores de radiodifusão que só funcionem com fonte externa de energia, do tipo utilizado em veículos automóveis;
01.062.01;8521.90.90;01. Autopeças;62.1;Outros aparelhos videofônicos de gravação ou de reprodução, mesmo incorporando um receptor de sinais videofônicos, dos tipos utilizados exclusivamente em veículos automotores;
01.063.00;8529.10.90;01. Autopeças;63.0;Antenas;
01.064.00;8534.00;01. Autopeças;64.0;Circuitos impressos;
01.065.00;8535.30;01. Autopeças;65.0;Interruptores e seccionadores e comutadores;
01.065.00;8536.50;01. Autopeças;65.0;Interruptores e seccionadores e comutadores;
01.066.00;8536.10.00;01. Autopeças;66.0;Fusíveis e corta-circuitos de fusíveis;
01.067.00;8536.20.00;01. Autopeças;67.0;Disjuntores;
01.068.00;8536.4;01. Autopeças;68.0;Relés;
01.069.00;8538;01. Autopeças;69.0;Partes reconhecíveis como exclusivas ou principalmente destinados aos aparelhos dos CEST 01.065.00, 01.066.00, 01.067.00 e 01.068.00;
01.070.00;8539.10;01. Autopeças;70.0;Faróis e projetores, em unidades seladas;
01.071.00;8539.2;01. Autopeças;71.0;Lâmpadas e tubos de incandescência, exceto de raios ultravioleta ou infravermelhos;
01.072.00;8544.20.00;01. Autopeças;72.0;Cabos coaxiais e outros condutores elétricos coaxiais;
01.073.00;8544.30.00;01. Autopeças;73.0;Jogos de fios para velas de ignição e outros jogos de fios;
01.074.00;8707;01. Autopeças;74.0;Carroçarias para os veículos automóveis das posições 8701 a 8705, incluídas as cabinas;
01.075.00;8708;01. Autopeças;75.0;Partes e acessórios dos veículos automóveis das posições 8701 a 8705;
01.076.00;8714.1;01. Autopeças;76.0;Parte e acessórios de motocicletas (incluídos os ciclomotores);
01.077.00;8716.90.90;01. Autopeças;77.0;Engates para reboques e semirreboques;
01.078.00;9026.10;01. Autopeças;78.0;"Medidores de nível; Medidores de vazão";
01.079.00;9026.20;01. Autopeças;79.0;Aparelhos para medida ou controle da pressão;
01.080.00;9029;01. Autopeças;80.0;Contadores, indicadores de velocidade e tacômetros, suas partes e acessórios;
01.081.00;9030.33.21;01. Autopeças;81.0;Amperímetros;
01.082.00;9031.80.40;01. Autopeças;82.0;Aparelhos digitais, de uso em veículos automóveis, para medida e indicação de múltiplas grandezas tais como: velocidade média, consumos instantâneo e médio e autonomia (computador de bordo);
01.083.00;9032.89.2;01. Autopeças;83.0;Controladores eletrônicos;
01.084.00;9104.00.00;01. Autopeças;84.0;Relógios para painéis de instrumentos e relógios semelhantes;
01.085.00;9401.20.00;01. Autopeças;85.0;Assentos e partes de assentos;
01.085.00;9401.90.90;01. Autopeças;85.0;Assentos e partes de assentos;
01.086.00;9613.80.00;01. Autopeças;86.0;Acendedores;
01.087.00;4009;01. Autopeças;87.0;Tubos de borracha vulcanizada não endurecida, mesmo providos de seus acessórios;
01.088.00;4504.90.00;01. Autopeças;88.0;Juntas de vedação de cortiça natural e de amianto;
01.088.00;6812.99.10;01. Autopeças;88.0;Juntas de vedação de cortiça natural e de amianto;
01.089.00;4823.40.00;01. Autopeças;89.0;Papel-diagrama para tacógrafo, em disco;
01.090.00;3919.10.00;01. Autopeças;90.0;"Fitas, tiras, adesivos, autocolantes, de plástico, refletores, mesmo em rolos; placas metálicas com película de plástico refletora, próprias para colocação em carrocerias, para-choques de veículos de carga, motocicletas, ciclomotores, capacetes, bonés de agentes de trânsito e de condutores de veículos, atuando como dispositivos refletivos de segurança rodoviários";
01.090.00;3919.90.00;01. Autopeças;90.0;"Fitas, tiras, adesivos, autocolantes, de plástico, refletores, mesmo em rolos; placas metálicas com película de plástico refletora, próprias para colocação em carrocerias, para-choques de veículos de carga, motocicletas, ciclomotores, capacetes, bonés de agentes de trânsito e de condutores de veículos, atuando como dispositivos refletivos de segurança rodoviários";
01.090.00;8708.29.99;01. Autopeças;90.0;"Fitas, tiras, adesivos, autocolantes, de plástico, refletores, mesmo em rolos; placas metálicas com película de plástico refletora, próprias para colocação em carrocerias, para-choques de veículos de carga, motocicletas, ciclomotores, capacetes, bonés de agentes de trânsito e de condutores de veículos, atuando como dispositivos refletivos de segurança rodoviários";
01.091.00;8412.31.10;01. Autopeças;91.0;Cilindros pneumáticos;
01.092.00;8413.19.00;01. Autopeças;92.0;Bomba elétrica de lavador de para-brisa;
01.092.00;8413.50.90;01. Autopeças;92.0;Bomba elétrica de lavador de para-brisa;
01.092.00;8413.81.00;01. Autopeças;92.0;Bomba elétrica de lavador de para-brisa;
01.093.00;8413.60.19;01. Autopeças;93.0;Bomba de assistência de direção hidráulica;
01.093.00;8413.70.10;01. Autopeças;93.0;Bomba de assistência de direção hidráulica;
01.094.00;8414.59.10;01. Autopeças;94.0;Motoventiladores;
01.094.00;8414.59.90;01. Autopeças;94.0;Motoventiladores;
01.095.00;8421.39.90;01. Autopeças;95.0;Filtros de pólen do ar-condicionado;
01.096.00;8501.10.19;01. Autopeças;96.0;“Máquina” de vidro elétrico de porta;
01.097.00;8501.31.10;01. Autopeças;97.0;Motor de limpador de para-brisa;
01.098.00;8504.50.00;01. Autopeças;98.0;Bobinas de reatância e de autoindução;
01.099.00;8507.20;01. Autopeças;99.0;Baterias de chumbo e de níquel-cádmio;
01.099.00;8507.30;01. Autopeças;99.0;Baterias de chumbo e de níquel-cádmio;
01.100.00;8512.30.00;01. Autopeças;100.0;Aparelhos de sinalização acústica (buzina);
01.101.00;9032.89.8;01. Autopeças;101.0;Instrumentos para regulação de grandezas não elétricas;
01.101.00;9032.89.9;01. Autopeças;101.0;Instrumentos para regulação de grandezas não elétricas;
01.102.00;9027.10.00;01. Autopeças;102.0;Analisadores de gases ou de fumaça (sonda lambda);
01.103.00;4008.11.00;01. Autopeças;103.0;Perfilados de borracha vulcanizada não endurecida;
01.104.00;5601.22.19;01. Autopeças;104.0;Artefatos de pasta de fibra de uso automotivo;
01.105.00;5703.20.00;01. Autopeças;105.0;Tapetes/carpetes - nailón;
01.106.00;5703.30.00;01. Autopeças;106.0;Tapetes de matérias têxteis sintéticas;
01.107.00;5911.90.00;01. Autopeças;107.0;Forração interior capacete;
01.108.00;6903.90.99;01. Autopeças;108.0;Outros para-brisas;
01.109.00;7007.29.00;01. Autopeças;109.0;Moldura com espelho;
01.110.00;7314.50.00;01. Autopeças;110.0;Corrente de transmissão;
01.111.00;7315.11.00;01. Autopeças;111.0;Corrente transmissão;
01.112.00;7315.12.10;01. Autopeças;112.0;Outras correntes de transmissão;
01.113.00;8418.99.00;01. Autopeças;113.0;Condensador tubular metálico;
01.114.00;8419.50;01. Autopeças;114.0;Trocadores de calor;
01.115.00;8424.90.90;01. Autopeças;115.0;Partes de aparelhos mecânicos de pulverizar ou dispersar;
01.116.00;8425.49.10;01. Autopeças;116.0;Macacos manuais para veículos;
01.117.00;8431.41.00;01. Autopeças;117.0;Caçambas, pás, ganchos e tenazes para máquinas rodoviárias;
01.118.00;8501.61.00;01. Autopeças;118.0;Geradores de corrente alternada de potência não superior a 75 kva;
01.119.00;8531.10.90;01. Autopeças;119.0;Aparelhos elétricos para alarme de uso automotivo;
01.120.00;9014.10.00;01. Autopeças;120.0;Bússolas;
01.121.00;9025.19.90;01. Autopeças;121.0;Indicadores de temperatura;
01.122.00;9025.90.10;01. Autopeças;122.0;Partes de indicadores de temperatura;
01.123.00;9026.90;01. Autopeças;123.0;Partes de aparelhos de medida ou controle;
01.124.00;9032.10.10;01. Autopeças;124.0;Termostatos;
01.125.00;9032.10.90;01. Autopeças;125.0;Instrumentos e aparelhos para regulação;
01.126.00;9032.20.00;01. Autopeças;126.0;Pressostatos;
01.127.00;8716.90;01. Autopeças;127.0;Peças para reboques e semirreboques, exceto os itens classificados no CEST 01.077.00;
01.128.00;7322.90.10;01. Autopeças;128.0;Geradores de ar quente a combustível líquido, com capacidade superior ou igual a 1.500 kcal/h, mas inferior ou igual a 10.400 kcal/h, do tipo dos utilizados em veículos automóveis;
01.999.00;;01. Autopeças;999.0;Outras peças, partes e acessórios para veículos automotores não relacionados nos demais itens deste anexo;
02.001.00;2205;02. Bebidas alcoólicas, exceto cerveja e chope;1.0;Aperitivos, amargos, bitter e similares;
02.001.00;2208.90.00;02. Bebidas alcoólicas, exceto cerveja e chope;1.0;Aperitivos, amargos, bitter e similares;
02.002.00;2208.90.00;02. Bebidas alcoólicas, exceto cerveja e chope;2.0;Batida e similares;
02.003.00;2208.90.00;02. Bebidas alcoólicas, exceto cerveja e chope;3.0;Bebida ice;
02.004.00;2207.20;02. Bebidas alcoólicas, exceto cerveja e chope;4.0;Cachaça e aguardentes;
02.004.00;2208.40.00;02. Bebidas alcoólicas, exceto cerveja e chope;4.0;Cachaça e aguardentes;
02.005.00;2205;02. Bebidas alcoólicas, exceto cerveja e chope;5.0;Catuaba e similares;
02.005.00;2206.00.90;02. Bebidas alcoólicas, exceto cerveja e chope;5.0;Catuaba e similares;
02.005.00;2208.90.00;02. Bebidas alcoólicas, exceto cerveja e chope;5.0;Catuaba e similares;
02.006.00;2208.20.00;02. Bebidas alcoólicas, exceto cerveja e chope;6.0;Conhaque, brandy e similares;
02.007.00;2206.00.90;02. Bebidas alcoólicas, exceto cerveja e chope;7.0;Cooler;
02.007.00;2208.90.00;02. Bebidas alcoólicas, exceto cerveja e chope;7.0;Cooler;
02.008.00;2208.50.00;02. Bebidas alcoólicas, exceto cerveja e chope;8.0;Gim (gin) e genebra;
02.009.00;2205;02. Bebidas alcoólicas, exceto cerveja e chope;9.0;Jurubeba e similares;
02.009.00;2206.00.90;02. Bebidas alcoólicas, exceto cerveja e chope;9.0;Jurubeba e similares;
02.009.00;2208.90.00;02. Bebidas alcoólicas, exceto cerveja e chope;9.0;Jurubeba e similares;
02.010.00;2208.70.00;02. Bebidas alcoólicas, exceto cerveja e chope;10.0;Licores e similares;
02.011.00;2208.20.00;02. Bebidas alcoólicas, exceto cerveja e chope;11.0;Pisco;
02.012.00;2208.40.00;02. Bebidas alcoólicas, exceto cerveja e chope;12.0;Rum;
02.013.00;2206.00.90;02. Bebidas alcoólicas, exceto cerveja e chope;13.0;Saquê;
02.014.00;2208.90.00;02. Bebidas alcoólicas, exceto cerveja e chope;14.0;Steinhaeger;
02.015.00;2208.90.00;02. Bebidas alcoólicas, exceto cerveja e chope;15.0;Tequila;
02.016.00;2208.30;02. Bebidas alcoólicas, exceto cerveja e chope;16.0;Uísque;
02.017.00;2205;02. Bebidas alcoólicas, exceto cerveja e chope;17.0;Vermute e similares;
02.018.00;2208.60.00;02. Bebidas alcoólicas, exceto cerveja e chope;18.0;Vodka;
02.019.00;2208.90.00;02. Bebidas alcoólicas, exceto cerveja e chope;19.0;Derivados de vodka;
02.020.00;2208.90.00;02. Bebidas alcoólicas, exceto cerveja e chope;20.0;Arak;
02.021.00;2208.20.00;02. Bebidas alcoólicas, exceto cerveja e chope;21.0;Aguardente vínica / grappa;
02.022.00;2206.00.10;02. Bebidas alcoólicas, exceto cerveja e chope;22.0;Sidra e similares;
02.023.00;2205;02. Bebidas alcoólicas, exceto cerveja e chope;23.0;Sangrias e coquetéis;
02.023.00;2206.00.90;02. Bebidas alcoólicas, exceto cerveja e chope;23.0;Sangrias e coquetéis;
02.023.00;2208.90.00;02. Bebidas alcoólicas, exceto cerveja e chope;23.0;Sangrias e coquetéis;
02.024.00;2204;02. Bebidas alcoólicas, exceto cerveja e chope;24.0;"Vinhos de uvas frescas, incluindo os vinhos enriquecidos com álcool; mostos de uvas.";
02.999.00;2205;02. Bebidas alcoólicas, exceto cerveja e chope;999.0;Outras bebidas alcoólicas não especificadas nos itens anteriores;
02.999.00;2206;02. Bebidas alcoólicas, exceto cerveja e chope;999.0;Outras bebidas alcoólicas não especificadas nos itens anteriores;
02.999.00;2207;02. Bebidas alcoólicas, exceto cerveja e chope;999.0;Outras bebidas alcoólicas não especificadas nos itens anteriores;
02.999.00;2208;02. Bebidas alcoólicas, exceto cerveja e chope;999.0;Outras bebidas alcoólicas não especificadas nos itens anteriores;
03.001.00;2201.10.00;03. Cervejas, chopes, refrigerantes, águas e outras bebidas;1.0;Água mineral, gasosa ou não, ou potável, naturais, em garrafa de vidro, retornável ou não, com capacidade de até 500 ml;Fabricados em escala industrial não relevante
03.002.00;2201.10.00;03. Cervejas, chopes, refrigerantes, águas e outras bebidas;2.0;"Água mineral, gasosa ou não, ou potável, naturais, em embalagem com capacidade igual ou superior a 5.000 ml; exceto as classificadas no CEST 03.024.00 e 03.025.00";Fabricados em escala industrial não relevante
03.003.00;2201.10.00;03. Cervejas, chopes, refrigerantes, águas e outras bebidas;3.0;Água mineral, gasosa ou não, ou potável, naturais, em embalagem de vidro, não retornável, com capacidade de até 300 ml;Fabricados em escala industrial não relevante
03.004.00;2201.10.00;03. Cervejas, chopes, refrigerantes, águas e outras bebidas;4.0;Água mineral, gasosa ou não, ou potável, naturais, em garrafa plástica de 1.500 ml;Fabricados em escala industrial não relevante
03.005.00;2201.10.00;03. Cervejas, chopes, refrigerantes, águas e outras bebidas;5.0;Água mineral, gasosa ou não, ou potável, naturais, em copos plásticos e embalagem plástica com capacidade de até 500 ml;Fabricados em escala industrial não relevante
03.006.00;2201.10.00;03. Cervejas, chopes, refrigerantes, águas e outras bebidas;6.0;"Outras águas minerais, potáveis ou naturais, gasosas ou não, inclusive gaseificadas; exceto as classificadas no CEST 03.024.00 e 03.025.00";Fabricados em escala industrial não relevante
03.007.00;2202.10.00;03. Cervejas, chopes, refrigerantes, águas e outras bebidas;7.0;Águas minerais, potáveis ou naturais, gasosas ou não, inclusive gaseificadas ou aromatizadas artificialmente, exceto os refrescos e refrigerantes;Fabricados em escala industrial não relevante
03.008.00;2202.99.00;03. Cervejas, chopes, refrigerantes, águas e outras bebidas;8.0;Outras águas minerais, potáveis ou naturais, gasosas ou não, inclusive gaseificadas ou aromatizadas artificialmente;Fabricados em escala industrial não relevante
03.010.00;2202;03. Cervejas, chopes, refrigerantes, águas e outras bebidas;10.0;Refrigerantes em garrafa com capacidade igual ou superior a 600 ml, exceto os classificados no CEST 03.011.01;Fabricados em escala industrial não relevante
03.011.00;2202;03. Cervejas, chopes, refrigerantes, águas e outras bebidas;11.0;Demais refrigerantes, exceto os classificados no CEST 03.010.00 e 03.011.01;Fabricados em escala industrial não relevante
03.011.01;2202;03. Cervejas, chopes, refrigerantes, águas e outras bebidas;11.1;Espumantes sem álcool;
03.012.00;2106.90.10;03. Cervejas, chopes, refrigerantes, águas e outras bebidas;12.0;Xarope ou extrato concentrado destinados ao preparo de refrigerante em máquina “pré-mix” ou “post-mix”;Fabricados em escala industrial não relevante
03.013.00;2106.90;03. Cervejas, chopes, refrigerantes, águas e outras bebidas;13.0;Bebidas energéticas em embalagem com capacidade inferior a 600ml;Fabricados em escala industrial não relevante
03.013.00;2202.99.00;03. Cervejas, chopes, refrigerantes, águas e outras bebidas;13.0;Bebidas energéticas em embalagem com capacidade inferior a 600ml;Fabricados em escala industrial não relevante
03.014.00;2106.90;03. Cervejas, chopes, refrigerantes, águas e outras bebidas;14.0;Bebidas energéticas em embalagem com capacidade igual ou superior a 600ml;Fabricados em escala industrial não relevante
03.014.00;2202.99.00;03. Cervejas, chopes, refrigerantes, águas e outras bebidas;14.0;Bebidas energéticas em embalagem com capacidade igual ou superior a 600ml;Fabricados em escala industrial não relevante
03.015.00;2106.90;03. Cervejas, chopes, refrigerantes, águas e outras bebidas;15.0;Bebidas hidroeletrolíticas (isotônicas) em embalagem com capacidade inferior a 600ml;Fabricados em escala industrial não relevante
03.015.00;2202.99.00;03. Cervejas, chopes, refrigerantes, águas e outras bebidas;15.0;Bebidas hidroeletrolíticas (isotônicas) em embalagem com capacidade inferior a 600ml;Fabricados em escala industrial não relevante
03.016.00;2106.90;03. Cervejas, chopes, refrigerantes, águas e outras bebidas;16.0;Bebidas hidroeletrolíticas (isotônicas) em embalagem com capacidade igual ou superior a 600ml;Fabricados em escala industrial não relevante
03.016.00;2202.90.00;03. Cervejas, chopes, refrigerantes, águas e outras bebidas;16.0;Bebidas hidroeletrolíticas (isotônicas) em embalagem com capacidade igual ou superior a 600ml;Fabricados em escala industrial não relevante
03.021.00;2203.00.00;03. Cervejas, chopes, refrigerantes, águas e outras bebidas;21.0;Cerveja;
03.022.00;2202.91.00;03. Cervejas, chopes, refrigerantes, águas e outras bebidas;22.0;Cerveja sem álcool;Fabricados em escala industrial não relevante
03.023.00;2203.00.00;03. Cervejas, chopes, refrigerantes, águas e outras bebidas;23.0;Chope;
03.024.00;2201.10.00;03. Cervejas, chopes, refrigerantes, águas e outras bebidas;24.0;Água mineral em embalagens retornáveis com capacidade igual ou superior a 10 (dez) e inferior a 20 (vinte) litros;Fabricados em escala industrial não relevante
03.025.00;2201.10.00;03. Cervejas, chopes, refrigerantes, águas e outras bebidas;25.0;Água mineral em embalagens retornáveis com capacidade igual ou superior a 20 (vinte) litros;Fabricados em escala industrial não relevante
04.001.00;2402;04. Cigarros e outros produtos derivados do fumo;1.0;Charutos, cigarrilhas e cigarros, de tabaco ou dos seus sucedâneos;
04.002.00;2403.1;04. Cigarros e outros produtos derivados do fumo;2.0;Tabaco para fumar, mesmo contendo sucedâneos de tabaco em qualquer proporção;
05.001.00;2523;05. Cimentos;1.0;Cimento;
06.001.00;2207.10.10;06. Combustíveis e lubrificantes;1.0;Álcool etílico não desnaturado, com um teor alcoólico em volume igual ou superior a 80% vol - Com um teor de água igual ou inferior a 1 % vol (álcool etílico anidro combustível);
06.001.01;2207.10.90;06. Combustíveis e lubrificantes;1.1;Álcool etílico não desnaturado, com um teor alcoólico em volume igual ou superior a 80% vol - Outros (álcool etílico hidratado combustível);
06.002.00;2710.12.59;06. Combustíveis e lubrificantes;2.0;Gasolina automotiva A, exceto Premium;
06.002.01;2710.12.59;06. Combustíveis e lubrificantes;2.1;Gasolina automotiva C, exceto Premium;
06.002.02;2710.12.59;06. Combustíveis e lubrificantes;2.2;Gasolina automotiva A Premium;
06.002.03;2710.12.59;06. Combustíveis e lubrificantes;2.3;Gasolina automotiva C Premium;
06.003.00;2710.12.51;06. Combustíveis e lubrificantes;3.0;Gasolina de aviação;
06.004.00;2710.19.19;06. Combustíveis e lubrificantes;4.0;Querosenes, exceto de aviação;
06.005.00;2710.19.11;06. Combustíveis e lubrificantes;5.0;Querosene de aviação;
06.006.00;2710.19.2;06. Combustíveis e lubrificantes;6.0;Óleo diesel A, exceto S10 e Marítimo;
06.006.01;2710.19.2;06. Combustíveis e lubrificantes;6.1;Óleo diesel B, exceto S10 (mistura obrigatória);
06.006.02;2710.19.2;06. Combustíveis e lubrificantes;6.2;Óleo diesel B, exceto S10 (misturas autorizativas);
06.006.03;2710.19.2;06. Combustíveis e lubrificantes;6.3;Óleo diesel B, exceto S10 (misturas experimentais);
06.006.04;2710.19.2;06. Combustíveis e lubrificantes;6.4;Óleo diesel A S10;
06.006.05;2710.19.2;06. Combustíveis e lubrificantes;6.5;Óleo diesel B S10 (mistura obrigatória);
06.006.06;2710.19.2;06. Combustíveis e lubrificantes;6.6;Óleo diesel B S10 (misturas autorizativas);
06.006.07;2710.19.2;06. Combustíveis e lubrificantes;6.7;Óleo diesel B S10 (misturas experimentais);
06.006.08;2710.19.2;06. Combustíveis e lubrificantes;6.8;Óleo Diesel Marítimo;
06.006.09;2710.19.2;06. Combustíveis e lubrificantes;6.9;Outros óleos combustíveis, exceto os classificados no CEST 06.006.10 e 06.006.11;
06.006.10;2710.19.2;06. Combustíveis e lubrificantes;6.10;Óleo combustível derivado de xisto;
06.006.11;2710.19.22;06. Combustíveis e lubrificantes;6.11;Óleo combustível pesado;
06.007.00;2710.19.3;06. Combustíveis e lubrificantes;7.0;Óleos lubrificantes;
06.008.00;2710.19.9;06. Combustíveis e lubrificantes;8.0;Outros óleos de petróleo ou de minerais betuminosos (exceto óleos brutos) e preparações não especificadas nem compreendidas noutras posições, que contenham, como constituintes básicos, 70% ou mais, em peso, de óleos de petróleo ou de minerais betuminosos, exceto os que contenham biodiesel, exceto os resíduos de óleos e exceto as graxas lubrificantes;
06.008.01;2710.19.9;06. Combustíveis e lubrificantes;8.1;Graxa lubrificante;
06.009.00;2710.9;06. Combustíveis e lubrificantes;9.0;Resíduos de óleos;
06.010.00;2711;06. Combustíveis e lubrificantes;10.0;Gás de petróleo e outros hidrocarbonetos gasosos, exceto GLP, GLGN, Gás Natural e Gás de xisto.;
06.011.00;2711.19.10;06. Combustíveis e lubrificantes;11.0;Gás liquefeito de petróleo em botijão de 13 Kg (GLP);
06.011.01;2711.19.10;06. Combustíveis e lubrificantes;11.1;Gás liquefeito de petróleo (GLP), exceto em botijão de 13 Kg;
06.011.02;2711.19.10;06. Combustíveis e lubrificantes;11.2;Gás liquefeito de petróleo em botijão de 13 Kg (GLGNn);
06.011.03;2711.19.10;06. Combustíveis e lubrificantes;11.3;Gás liquefeito de petróleo (GLGNn), exceto em botijão de 13 Kg;
06.011.04;2711.19.10;06. Combustíveis e lubrificantes;11.4;Gás liquefeito de petróleo em botijão de 13 Kg (GLGNi);
06.011.05;2711.19.10;06. Combustíveis e lubrificantes;11.5;Gás liquefeito de petróleo (GLGNi), exceto em botijão de 13 Kg;
06.011.06;2711.19.10;06. Combustíveis e lubrificantes;11.6;Gás liquefeito de petróleo em botijão de 13 kg (Misturas);
06.011.07;2711.19.10;06. Combustíveis e lubrificantes;11.7;Gás liquefeito de petróleo (Misturas), exceto em botijão de 13 Kg;
06.012.00;2711.11.00;06. Combustíveis e lubrificantes;12.0;Gás Natural Liquefeito;
06.013.00;2711.21.00;06. Combustíveis e lubrificantes;13.0;Gás Natural Gasoso;
06.014.00;2711.29.90;06. Combustíveis e lubrificantes;14.0;Gás de xisto;
06.015.00;2713;06. Combustíveis e lubrificantes;15.0;Coque de petróleo e outros resíduos de óleo de petróleo ou de minerais betuminosos;
06.016.00;3826.00.00;06. Combustíveis e lubrificantes;16.0;Biodiesel e suas misturas, que não contenham ou que contenham menos de 70%, em peso, de óleos de petróleo ou de óleos minerais betuminosos;
06.017.00;3403;06. Combustíveis e lubrificantes;17.0;Preparações lubrificantes, exceto as contendo, como constituintes de base, 70% ou mais, em peso, de óleos de petróleo ou de minerais betuminosos;
06.018.00;2710.20.00;06. Combustíveis e lubrificantes;18.0;Óleos de petróleo ou de minerais betuminosos (exceto óleos brutos) e preparações não especificadas nem compreendidas noutras posições, que contenham, como constituintes básicos, 70% ou mais, em peso, de óleos de petróleo ou de minerais betuminosos, que contenham biodiesel, exceto os resíduos de óleos;
07.001.00;2716.00.00;07. Energia elétrica;1.0;Energia elétrica;
08.001.00;4016.99.90;08. Ferramentas;1.0;Ferramentas de borracha vulcanizada não endurecida;
08.002.00;4417.00.10;08. Ferramentas;2.0;Ferramentas, armações e cabos de ferramentas, de madeira;
08.002.00;4417.00.90;08. Ferramentas;2.0;Ferramentas, armações e cabos de ferramentas, de madeira;
08.003.00;6804;08. Ferramentas;3.0;"Mós e artefatos semelhantes, sem armação, para moer, desfibrar, triturar, amolar, polir, retificar ou cortar; pedras para amolar ou para polir, manualmente, e suas partes, de pedras naturais, de abrasivos naturais ou artificiais aglomerados ou de cerâmica, mesmo com partes de outras matérias";
08.004.00;8201;08. Ferramentas;4.0;"Pás, alviões, picaretas, enxadas, sachos, forcados e forquilhas, ancinhos e raspadeiras; machados, podões e ferramentas semelhantes com gume; tesouras de podar de todos os tipos; foices e foicinhas, facas para feno ou para palha, tesouras para sebes, cunhas e outras ferramentas manuais para agricultura, horticultura ou silvicultura";
08.005.00;8202.20.00;08. Ferramentas;5.0;Folhas de serras de fita;
08.006.00;8202.91.00;08. Ferramentas;6.0;Lâminas de serras máquinas;
08.007.00;8202;08. Ferramentas;7.0;Serras manuais e outras folhas de serras (incluídas as fresas-serras e as folhas não dentadas para serrar), exceto as classificadas nos CEST 08.005.00 e 08.006.00;
08.008.00;8203;08. Ferramentas;8.0;Limas, grosas, alicates (mesmo cortantes), tenazes, pinças, cisalhas para metais, corta-tubos, corta-pinos, saca-bocados e ferramentas semelhantes, manuais, exceto as pinças para sobrancelhas classificadas na posição 8203.20.90;
08.009.00;8204;08. Ferramentas;9.0;"Chaves de porcas, manuais (incluídas as chaves dinamométricas); chaves de caixa intercambiáveis, mesmo com cabos";
08.010.00;8205;08. Ferramentas;10.0;"Ferramentas manuais (incluídos os diamantes de vidraceiro) não especificadas nem compreendidas em outras posições, lamparinas ou lâmpadas de soldar (maçaricos) e semelhantes; tornos de apertar, sargentos e semelhantes, exceto os acessórios ou partes de máquinas-ferramentas; bigornas; forjas-portáteis; mós com armação, manuais ou de pedal";
08.011.00;8206.00.00;08. Ferramentas;11.0;Ferramentas de pelo menos duas das posições 8202 a 8205, acondicionadas em sortidos para venda a retalho;
08.012.00;8207.40;08. Ferramentas;12.0;"Ferramentas de roscar interior ou exteriormente; de mandrilar ou de brochar; e de fresar";
08.012.00;8207.60;08. Ferramentas;12.0;"Ferramentas de roscar interior ou exteriormente; de mandrilar ou de brochar; e de fresar";
08.012.00;8207.70;08. Ferramentas;12.0;"Ferramentas de roscar interior ou exteriormente; de mandrilar ou de brochar; e de fresar";
08.013.00;8207;08. Ferramentas;13.0;Outras ferramentas intercambiáveis para ferramentas manuais, mesmo mecânicas, ou para máquinas-ferramentas (por exemplo, de embutir, estampar, puncionar, furar, tornear, aparafusar), incluídas as fieiras de estiragem ou de extrusão, para metais, e as ferramentas de perfuração ou de sondagem, exceto forma ou gabarito de produtos em epoxy e as classificadas no CEST 08.012.00;
08.014.00;8208;08. Ferramentas;14.0;Facas e lâminas cortantes, para máquinas ou para aparelhos mecânicos;
08.015.00;8209.00.11;08. Ferramentas;15.0;Plaquetas ou pastilhas intercambiáveis;
08.016.00;8209.00;08. Ferramentas;16.0;Outras plaquetas, varetas, pontas e objetos semelhantes para ferramentas, não montados, de ceramais (“cermets”), exceto as classificadas no CEST 08.015.00;
08.017.00;8211;08. Ferramentas;17.0;Facas de lâmina cortante ou serrilhada, incluídas as podadeiras de lâmina móvel, e suas lâminas, exceto as de uso doméstico;
08.018.00;8213;08. Ferramentas;18.0;Tesouras e suas lâminas;
08.019.00;8467;08. Ferramentas;19.0;Ferramentas pneumáticas, hidráulicas ou com motor (elétrico ou não elétrico) incorporado, de uso manual, exceto o descrito no CEST 08.019.01;
08.019.01;8467.81.00;08. Ferramentas;19.1;Moto-serras portáteis de corrente, com motor incorporado, não elétrico, de uso agrícola;
08.020.00;9015;08. Ferramentas;20.0;"Instrumentos e aparelhos de geodesia, topografia, agrimensura, nivelamento, fotogrametria, hidrografia, oceanografia, hidrologia, meteorologia ou de geofísica, exceto bussolas; telêmetros";
08.021.00;9017.20.00;08. Ferramentas;21.0;"Instrumentos de desenho, de traçado ou de cálculo; metros, micrômetros, paquímetros, calibres e semelhantes; partes e acessórios";
08.021.00;9017.30;08. Ferramentas;21.0;"Instrumentos de desenho, de traçado ou de cálculo; metros, micrômetros, paquímetros, calibres e semelhantes; partes e acessórios";
08.021.00;9017.80;08. Ferramentas;21.0;"Instrumentos de desenho, de traçado ou de cálculo; metros, micrômetros, paquímetros, calibres e semelhantes; partes e acessórios";
08.021.00;9017.90.90;08. Ferramentas;21.0;"Instrumentos de desenho, de traçado ou de cálculo; metros, micrômetros, paquímetros, calibres e semelhantes; partes e acessórios";
08.022.00;9025.11.90;08. Ferramentas;22.0;Termômetros, suas partes e acessórios;
08.022.00;9025.90.10;08. Ferramentas;22.0;Termômetros, suas partes e acessórios;
08.023.00;9025.19;08. Ferramentas;23.0;Pirômetros, suas partes e acessórios;
08.023.00;9025.90.90;08. Ferramentas;23.0;Pirômetros, suas partes e acessórios;
09.001.00;8539;09. Lâmpadas, reatores e “starter”;1.0;Lâmpadas elétricas;
09.002.00;8540;09. Lâmpadas, reatores e “starter”;2.0;Lâmpadas eletrônicas;
09.003.00;8504.10.00;09. Lâmpadas, reatores e “starter”;3.0;Reatores para lâmpadas ou tubos de descargas;
09.004.00;8536.50;09. Lâmpadas, reatores e “starter”;4.0;“Starter”;
09.005.00;8539.50.00;09. Lâmpadas, reatores e “starter”;5.0;Lâmpadas de LED (Diodos Emissores de Luz);
10.001.00;2522;10. Materiais de construção e congêneres;1.0;Cal;
10.002.00;3816.00.1;10. Materiais de construção e congêneres;2.0;Argamassas;
10.002.00;3824.50.00;10. Materiais de construção e congêneres;2.0;Argamassas;
10.003.00;3214.90.00;10. Materiais de construção e congêneres;3.0;Outras argamassas;
10.004.00;3910.00;10. Materiais de construção e congêneres;4.0;Silicones em formas primárias, para uso na construção;
10.005.00;3916;10. Materiais de construção e congêneres;5.0;"Revestimentos de PVC e outros plásticos; forro, sancas e afins de PVC, para uso na construção";
10.006.00;3917;10. Materiais de construção e congêneres;6.0;Tubos, e seus acessórios (por exemplo, juntas, cotovelos, flanges, uniões), de plásticos, para uso na construção;
10.007.00;3918;10. Materiais de construção e congêneres;7.0;Revestimento de pavimento de PVC e outros plásticos;
10.008.00;3919;10. Materiais de construção e congêneres;8.0;Chapas, folhas, tiras, fitas, películas e outras formas planas, autoadesivas, de plásticos, mesmo em rolos, para uso na construção;
10.009.00;3919;10. Materiais de construção e congêneres;9.0;Veda rosca, lona plástica para uso na construção, fitas isolantes e afins;
10.009.00;3920;10. Materiais de construção e congêneres;9.0;Veda rosca, lona plástica para uso na construção, fitas isolantes e afins;
10.009.00;3921;10. Materiais de construção e congêneres;9.0;Veda rosca, lona plástica para uso na construção, fitas isolantes e afins;
10.010.00;3921;10. Materiais de construção e congêneres;10.0;Telha de plástico, mesmo reforçada com fibra de vidro;
10.011.00;3921;10. Materiais de construção e congêneres;11.0;Cumeeira de plástico, mesmo reforçada com fibra de vidro;
10.012.00;3921;10. Materiais de construção e congêneres;12.0;Chapas, laminados plásticos em bobina, para uso na construção, exceto os descritos no CEST 10.010.00 e 10.011.00;
10.013.00;3922;10. Materiais de construção e congêneres;13.0;Banheiras, boxes para chuveiros, pias, lavatórios, bidês, sanitários e seus assentos e tampas, caixas de descarga e artigos semelhantes para usos sanitários ou higiênicos, de plásticos;
10.014.00;3924;10. Materiais de construção e congêneres;14.0;Artefatos de higiene/toucador de plástico, para uso na construção;
10.015.00;3925.10.00;10. Materiais de construção e congêneres;15.0;Caixa d’água, inclusive sua tampa, de plástico, mesmo reforçadas com fibra de vidro;
10.016.00;3925.90;10. Materiais de construção e congêneres;16.0;Outras telhas, cumeeira e caixa d’água, inclusive sua tampa, de plástico, mesmo reforçadas com fibra de vidro;
10.017.00;3925.10.00;10. Materiais de construção e congêneres;17.0;Artefatos para apetrechamento de construções, de plásticos, não especificados nem compreendidos em outras posições, incluindo persianas, sancas, molduras, apliques e rosetas, caixilhos de polietileno e outros plásticos, exceto os descritos nos CEST 10.015.00 e 10.016.00;
10.017.00;3925.90;10. Materiais de construção e congêneres;17.0;Artefatos para apetrechamento de construções, de plásticos, não especificados nem compreendidos em outras posições, incluindo persianas, sancas, molduras, apliques e rosetas, caixilhos de polietileno e outros plásticos, exceto os descritos nos CEST 10.015.00 e 10.016.00;
10.018.00;3925.20.00;10. Materiais de construção e congêneres;18.0;Portas, janelas e seus caixilhos, alizares e soleiras;
10.019.00;3925.30.00;10. Materiais de construção e congêneres;19.0;Postigos, estores (incluídas as venezianas) e artefatos semelhantes e suas partes;
10.020.00;3926.90;10. Materiais de construção e congêneres;20.0;Outras obras de plástico, para uso na construção;
10.021.00;4814;10. Materiais de construção e congêneres;21.0;"Papel de parede e revestimentos de parede semelhantes; papel para vitrais";
10.022.00;6810.19.00;10. Materiais de construção e congêneres;22.0;Telhas de concreto;
10.023.00;6811;10. Materiais de construção e congêneres;23.0;Telha, cumeeira e caixa d’água, inclusive sua tampa, de fibrocimento, cimento-celulose;
10.024.00;6811;10. Materiais de construção e congêneres;24.0;Caixas d’água, tanques e reservatórios e suas tampas, telhas, calhas, cumeeiras e afins, de fibrocimento, cimento-celulose ou semelhantes, contendo ou não amianto, exceto os descritos no CEST 10.023.00;
10.025.00;6901.00.00;10. Materiais de construção e congêneres;25.0;Tijolos, placas (lajes), ladrilhos e outras peças cerâmicas de farinhas siliciosas fósseis (“kieselghur”, tripolita, diatomita, por exemplo) ou de terras siliciosas semelhantes;Fabricados em escala industrial não relevante
10.026.00;6902;10. Materiais de construção e congêneres;26.0;Tijolos, placas (lajes), ladrilhos e peças cerâmicas semelhantes, para uso na construção, refratários, que não sejam de farinhas siliciosas fósseis nem de terras siliciosas semelhantes;Fabricados em escala industrial não relevante
10.027.00;6904;10. Materiais de construção e congêneres;27.0;Tijolos para construção, tijoleiras, tapa-vigas e produtos semelhantes, de cerâmica;Fabricados em escala industrial não relevante
10.028.00;6905;10. Materiais de construção e congêneres;28.0;Telhas, elementos de chaminés, condutores de fumaça, ornamentos arquitetônicos, de cerâmica, e outros produtos cerâmicos para uso na construção;Fabricados em escala industrial não relevante
10.029.00;6906.00.00;10. Materiais de construção e congêneres;29.0;Tubos, calhas ou algerozes e acessórios para canalizações, de cerâmica;Fabricados em escala industrial não relevante
10.030.00;6907;10. Materiais de construção e congêneres;30.0;Ladrilhos e placas de cerâmica, exclusivamente para pavimentação ou revestimento;Fabricados em escala industrial não relevante
10.030.01;6907;10. Materiais de construção e congêneres;30.1;Cubos, pastilhas e artigos semelhantes de cerâmica, mesmo com suporte, exceto os descritos CEST 10.030.00;Fabricados em escala industrial não relevante
10.031.00;6910;10. Materiais de construção e congêneres;31.0;Pias, lavatórios, colunas para lavatórios, banheiras, bidês, sanitários, caixas de descarga, mictórios e aparelhos fixos semelhantes para usos sanitários, de cerâmica;Fabricados em escala industrial não relevante
10.032.00;6912.00.00;10. Materiais de construção e congêneres;32.0;Artefatos de higiene/toucador de cerâmica;
10.033.00;7003;10. Materiais de construção e congêneres;33.0;Vidro vazado ou laminado, em chapas, folhas ou perfis, mesmo com camada absorvente, refletora ou não, mas sem qualquer outro trabalho;
10.034.00;7004;10. Materiais de construção e congêneres;34.0;Vidro estirado ou soprado, em folhas, mesmo com camada absorvente, refletora ou não, mas sem qualquer outro trabalho;
10.035.00;7005;10. Materiais de construção e congêneres;35.0;Vidro flotado e vidro desbastado ou polido em uma ou em ambas as faces, em chapas ou em folhas, mesmo com camada absorvente, refletora ou não, mas sem qualquer outro trabalho;
10.036.00;7007.19.00;10. Materiais de construção e congêneres;36.0;Vidros temperados;
10.037.00;7007.29.00;10. Materiais de construção e congêneres;37.0;Vidros laminados;
10.038.00;7008;10. Materiais de construção e congêneres;38.0;Vidros isolantes de paredes múltiplas;
10.039.00;7016;10. Materiais de construção e congêneres;39.0;"Blocos, placas, tijolos, ladrilhos, telhas e outros artefatos, de vidro prensado ou moldado, mesmo armado, para uso na construção; cubos, pastilhas e outros artigos semelhantes";
10.040.00;7214.20.00;10. Materiais de construção e congêneres;40.0;Barras próprias para construções, exceto vergalhões;
10.041.00;7308.90.10;10. Materiais de construção e congêneres;41.0;Outras barras próprias para construções, exceto vergalhões;
10.042.00;7214.20.00;10. Materiais de construção e congêneres;42.0;Vergalhões;
10.043.00;7213;10. Materiais de construção e congêneres;43.0;Outros vergalhões;
10.043.00;7308.90.10;10. Materiais de construção e congêneres;43.0;Outros vergalhões;
10.044.00;7312;10. Materiais de construção e congêneres;44.0;"Fios de ferro ou aço não ligados, não revestidos, mesmo polidos; cordas, cabos, tranças (entrançados), lingas e artefatos semelhantes, de ferro ou aço, não isolados para usos elétricos";
10.044.00;7217.10.90;10. Materiais de construção e congêneres;44.0;"Fios de ferro ou aço não ligados, não revestidos, mesmo polidos; cordas, cabos, tranças (entrançados), lingas e artefatos semelhantes, de ferro ou aço, não isolados para usos elétricos";
10.045.00;7217.20.10;10. Materiais de construção e congêneres;45.0;Outros fios de ferro ou aço, não ligados, galvanizados com teor de carbono superior ou igual a 0,6%, em peso;
10.045.01;7217.20.90;10. Materiais de construção e congêneres;45.1;Outros fios de ferro ou aço, não ligados, galvanizados;
10.046.00;7307;10. Materiais de construção e congêneres;46.0;Acessórios para tubos (inclusive uniões, cotovelos, luvas ou mangas), de ferro fundido, ferro ou aço;
10.047.00;7308.30.00;10. Materiais de construção e congêneres;47.0;Portas e janelas, e seus caixilhos, alizares e soleiras de ferro fundido, ferro ou aço;
10.048.00;7308.40.00;10. Materiais de construção e congêneres;48.0;Material para andaimes, para armações (cofragens) e para escoramentos, (inclusive armações prontas, para estruturas de concreto armado ou argamassa armada), eletrocalhas e perfilados de ferro fundido, ferro ou aço, próprios para construção, exceto treliças de aço;
10.048.00;7308.90;10. Materiais de construção e congêneres;48.0;Material para andaimes, para armações (cofragens) e para escoramentos, (inclusive armações prontas, para estruturas de concreto armado ou argamassa armada), eletrocalhas e perfilados de ferro fundido, ferro ou aço, próprios para construção, exceto treliças de aço;
10.049.00;7308.40.00;10. Materiais de construção e congêneres;49.0;Treliças de aço;
10.050.00;7308.90.90;10. Materiais de construção e congêneres;50.0;Telhas metálicas;
10.051.00;7310;10. Materiais de construção e congêneres;51.0;"Caixas diversas (tais como caixa de correio, de entrada de água, de energia, de instalação) de ferro fundido, ferro ou aço; próprias para a construção";
10.052.00;7313.00.00;10. Materiais de construção e congêneres;52.0;Arame farpado, de ferro ou aço, arames ou tiras, retorcidos, mesmo farpados, de ferro ou aço, dos tipos utilizados em cercas;
10.053.00;7314;10. Materiais de construção e congêneres;53.0;Telas metálicas, grades e redes, de fios de ferro ou aço;
10.054.00;7315.11.00;10. Materiais de construção e congêneres;54.0;Correntes de rolos, de ferro fundido, ferro ou aço;
10.055.00;7315.12.90;10. Materiais de construção e congêneres;55.0;Outras correntes de elos articulados, de ferro fundido, ferro ou aço;
10.056.00;7315.82.00;10. Materiais de construção e congêneres;56.0;Correntes de elos soldados, de ferro fundido, de ferro ou aço;
10.057.00;7317.00;10. Materiais de construção e congêneres;57.0;Tachas, pregos, percevejos, escápulas, grampos ondulados ou biselados e artefatos semelhantes, de ferro fundido, ferro ou aço, mesmo com a cabeça de outra matéria, exceto cobre;
10.058.00;7318;10. Materiais de construção e congêneres;58.0;Parafusos, pinos ou pernos, roscados, porcas, tira-fundos, ganchos roscados, rebites, chavetas, cavilhas, contrapinos, arruelas (incluídas as de pressão) e artefatos semelhantes, de ferro fundido, ferro ou aço;
10.059.00;7323;10. Materiais de construção e congêneres;59.0;Palha de ferro ou aço, exceto os de uso doméstico classificados na posição NCM 7323.10.00;
10.059.01;7323;10. Materiais de construção e congêneres;59.1;Esponjas, esfregões, luvas e artefatos semelhantes para limpeza, polimento e usos semelhantes, de ferro ou aço, exceto os de uso doméstico classificados na posição NCM 7323.10.00;
10.060.00;7324;10. Materiais de construção e congêneres;60.0;Artefatos de higiene ou de toucador, e suas partes, de ferro fundido, ferro ou aço, incluídas as pias, banheiras, lavatórios, cubas, mictórios, tanques e afins de ferro fundido, ferro ou aço, para uso na construção;
10.061.00;7325;10. Materiais de construção e congêneres;61.0;Outras obras moldadas, de ferro fundido, ferro ou aço, para uso na construção;
10.062.00;7326;10. Materiais de construção e congêneres;62.0;Abraçadeiras;
10.063.00;7407;10. Materiais de construção e congêneres;63.0;Barras de cobre;
10.064.00;7411.10.10;10. Materiais de construção e congêneres;64.0;Tubos de cobre e suas ligas, para instalações de água quente e gás, para uso na construção;
10.065.00;7412;10. Materiais de construção e congêneres;65.0;Acessórios para tubos (por exemplo, uniões, cotovelos, luvas ou mangas) de cobre e suas ligas, para uso na construção;
10.066.00;7415;10. Materiais de construção e congêneres;66.0;Tachas, pregos, percevejos, escápulas e artefatos semelhantes, de cobre, ou de ferro ou aço com cabeça de cobre, parafusos, pinos ou pernos, roscados, porcas, ganchos roscados, rebites, chavetas, cavilhas, contrapinos, arruelas (incluídas as de pressão), e artefatos semelhantes, de cobre;
10.067.00;7418.20.00;10. Materiais de construção e congêneres;67.0;Artefatos de higiene/toucador de cobre, para uso na construção;
10.068.00;7607.19.90;10. Materiais de construção e congêneres;68.0;Manta de subcobertura aluminizada;
10.069.00;7608;10. Materiais de construção e congêneres;69.0;Tubos de alumínio e suas ligas, para refrigeração e ar condicionado, para uso na construção;
10.070.00;7609.00.00;10. Materiais de construção e congêneres;70.0;Acessórios para tubos (por exemplo, uniões, cotovelos, luvas ou mangas), de alumínio, para uso na construção;
10.071.00;7610;10. Materiais de construção e congêneres;71.0;"Construções e suas partes (por exemplo, pontes e elementos de pontes, torres, pórticos ou pilones, pilares, colunas, armações, estruturas para telhados, portas e janelas, e seus caixilhos, alizares e soleiras, balaustradas), de alumínio, exceto as construções pré-fabricadas da posição 9406; chapas, barras, perfis, tubos e semelhantes, de alumínio, próprios para construções";
10.072.00;7615.20.00;10. Materiais de construção e congêneres;72.0;Artefatos de higiene/toucador de alumínio, para uso na construção;
10.073.00;7616;10. Materiais de construção e congêneres;73.0;Outras obras de alumínio, próprias para construções, incluídas as persianas;
10.074.00;8302.41.00;10. Materiais de construção e congêneres;74.0;Outras guarnições, ferragens e artigos semelhantes de metais comuns, para construções, inclusive puxadores.;
10.075.00;8301;10. Materiais de construção e congêneres;75.0;"Fechaduras e ferrolhos (de chave, de segredo ou elétricos), de metais comuns, incluídas as suas partes fechos e armações com fecho, com fechadura, de metais comuns chaves para estes artigos, de metais comuns; exceto os de uso automotivo";
10.076.00;8302.10.00;10. Materiais de construção e congêneres;76.0;Dobradiças de metais comuns, de qualquer tipo;
10.077.00;8307;10. Materiais de construção e congêneres;77.0;Tubos flexíveis de metais comuns, mesmo com acessórios, para uso na construção;
10.078.00;8311;10. Materiais de construção e congêneres;78.0;Fios, varetas, tubos, chapas, eletrodos e artefatos semelhantes, de metais comuns ou de carbonetos metálicos, revestidos exterior ou interiormente de decapantes ou de fundentes, para soldagem (soldadura) ou depósito de metal ou de carbonetos metálicos fios e varetas de pós de metais comuns aglomerados, para metalização por projeção;
10.079.00;8481;10. Materiais de construção e congêneres;79.0;Torneiras, válvulas (incluídas as redutoras de pressão e as termostáticas) e dispositivos semelhantes, para canalizações, caldeiras, reservatórios, cubas e outros recipientes;
10.080.00;7009;10. Materiais de construção e congêneres;80.0;Espelhos de vidro, mesmo emoldurados, exceto os de uso automotivo;
11.001.00;2828.90.11;11. Materiais de limpeza;1.0;Água sanitária, branqueador e outros alvejantes;
11.001.00;2828.90.19;11. Materiais de limpeza;1.0;Água sanitária, branqueador e outros alvejantes;
11.001.00;3206.41.00;11. Materiais de limpeza;1.0;Água sanitária, branqueador e outros alvejantes;
11.001.00;3402.20.00;11. Materiais de limpeza;1.0;Água sanitária, branqueador e outros alvejantes;
11.001.00;3808.94.19;11. Materiais de limpeza;1.0;Água sanitária, branqueador e outros alvejantes;
11.002.00;3401.20.90;11. Materiais de limpeza;2.0;Sabões em pó, flocos, palhetas, grânulos ou outras formas semelhantes, para lavar roupas;
11.003.00;3401.20.90;11. Materiais de limpeza;3.0;Sabões líquidos para lavar roupas;
11.004.00;3402.20.00;11. Materiais de limpeza;4.0;Detergentes em pó, flocos, palhetas, grânulos ou outras formas semelhantes;Fabricados em escala industrial não relevante
11.005.00;3402.20.00;11. Materiais de limpeza;5.0;Detergentes líquidos, exceto para lavar roupa;Fabricados em escala industrial não relevante
11.006.00;3402.20.00;11. Materiais de limpeza;6.0;Detergente líquido para lavar roupa;Fabricados em escala industrial não relevante
11.007.00;3402;11. Materiais de limpeza;7.0;"Outros agentes orgânicos de superfície (exceto sabões); preparações tensoativas, preparações para lavagem (incluídas as preparações auxiliares para lavagem) e preparações para limpeza (inclusive multiuso e limpadores), mesmo contendo sabão, exceto os produtos descritos nos CEST 11.001.00, 11.004.00, 11.005.00 e 11.006.00; em embalagem de conteúdo inferior ou igual a 50 litros ou 50 kg";
11.008.00;3809.91.90;11. Materiais de limpeza;8.0;Amaciante/suavizante;
11.009.00;3924.10.00;11. Materiais de limpeza;9.0;Esponjas para limpeza;
11.009.00;3924.90.00;11. Materiais de limpeza;9.0;Esponjas para limpeza;
11.009.00;6805.30.10;11. Materiais de limpeza;9.0;Esponjas para limpeza;
11.009.00;6805.30.90;11. Materiais de limpeza;9.0;Esponjas para limpeza;
11.010.00;2207;11. Materiais de limpeza;10.0;Álcool etílico para limpeza;
11.010.00;2208.90.00;11. Materiais de limpeza;10.0;Álcool etílico para limpeza;
11.011.00;7323.10.00;11. Materiais de limpeza;11.0;"Esponjas e palhas de aço; esponjas para limpeza, polimento ou uso semelhantes; todas de uso doméstico";
11.012.00;3923.2;11. Materiais de limpeza;12.0;Sacos de lixo de conteúdo igual ou inferior a 100 litros;
12.001.00;8504;12. Materiais elétricos;1.0;"Transformadores, bobinas de reatância e de auto indução, inclusive os transformadores de potência superior a 16 KVA, classificados nas posições 8504.33.00 e 8504.34.00; exceto os demais transformadores da subposição 8504.3, os reatores para lâmpadas elétricas de descarga classificados no código 8504.10.00, os carregadores de acumuladores do código 8504.40.10, os equipamentos de alimentação ininterrupta de energia (UPS ou “no break”), no código 8504.40.40 e os de uso automotivo";
12.002.00;8516;12. Materiais elétricos;2.0;"Aquecedores elétricos de água, incluídos os de imersão, chuveiros ou duchas elétricos, torneiras elétricas, resistências de aquecimento, inclusive as de duchas e chuveiros elétricos e suas partes; exceto outros fornos, fogareiros (incluídas as chapas de cocção), grelhas e assadeiras, classificados na posição 8516.60.00";
12.003.00;8535;12. Materiais elétricos;3.0;Aparelhos para interrupção, seccionamento, proteção, derivação, ligação ou conexão de circuitos elétricos (por exemplo, interruptores, comutadores, corta-circuitos, para-raios, limitadores de tensão, eliminadores de onda, tomadas de corrente e outros conectores, caixas de junção), para tensão superior a 1.000V, exceto os de uso automotivo;
12.004.00;8536;12. Materiais elétricos;4.0;"Aparelhos para interrupção, seccionamento, proteção, derivação, ligação ou conexão de circuitos elétricos (por exemplo, interruptores, comutadores, relés, corta-circuitos, eliminadores de onda, plugues e tomadas de corrente, suportes para lâmpadas e outros conectores, caixas de junção), para uma tensão não superior a 1.000V; conectores para fibras ópticas, feixes ou cabos de fibras ópticas; exceto “starter” classificado na subposição 8536.50 e os de uso automotivo";
12.005.00;8538;12. Materiais elétricos;5.0;Partes reconhecíveis como exclusiva ou principalmente destinadas aos aparelhos das posições 8535 e 8536;
12.006.00;7413.00.00;12. Materiais elétricos;6.0;Cabos, tranças e semelhantes, de cobre, não isolados para usos elétricos, exceto os de uso automotivo;
12.007.00;7605;12. Materiais elétricos;7.0;"Fios, cabos (incluídos os cabos coaxiais) e outros condutores, isolados ou não, para usos elétricos (incluídos os de cobre ou alumínio, envernizados ou oxidados anodicamente), mesmo com peças de conexão, inclusive fios e cabos elétricos, para tensão não superior a 1000V, para uso na construção; fios e cabos telefônicos e para transmissão de dados; cabos de fibras ópticas, constituídos de fibras embainhadas individualmente, mesmo com condutores elétricos ou munidos de peças de conexão; cordas, cabos, tranças e semelhantes, de alumínio, não isolados para uso elétricos; exceto os de uso automotivo";
12.007.00;7614;12. Materiais elétricos;7.0;"Fios, cabos (incluídos os cabos coaxiais) e outros condutores, isolados ou não, para usos elétricos (incluídos os de cobre ou alumínio, envernizados ou oxidados anodicamente), mesmo com peças de conexão, inclusive fios e cabos elétricos, para tensão não superior a 1000V, para uso na construção; fios e cabos telefônicos e para transmissão de dados; cabos de fibras ópticas, constituídos de fibras embainhadas individualmente, mesmo com condutores elétricos ou munidos de peças de conexão; cordas, cabos, tranças e semelhantes, de alumínio, não isolados para uso elétricos; exceto os de uso automotivo";
12.007.00;8544;12. Materiais elétricos;7.0;"Fios, cabos (incluídos os cabos coaxiais) e outros condutores, isolados ou não, para usos elétricos (incluídos os de cobre ou alumínio, envernizados ou oxidados anodicamente), mesmo com peças de conexão, inclusive fios e cabos elétricos, para tensão não superior a 1000V, para uso na construção; fios e cabos telefônicos e para transmissão de dados; cabos de fibras ópticas, constituídos de fibras embainhadas individualmente, mesmo com condutores elétricos ou munidos de peças de conexão; cordas, cabos, tranças e semelhantes, de alumínio, não isolados para uso elétricos; exceto os de uso automotivo";
12.008.00;8546;12. Materiais elétricos;8.0;Isoladores de qualquer matéria, para usos elétricos;
12.009.00;8547;12. Materiais elétricos;9.0;"Peças isolantes inteiramente de matérias isolantes, ou com simples peças metálicas de montagem (suportes roscados, por exemplo) incorporadas na massa, para máquinas, aparelhos e instalações elétricas; tubos isoladores e suas peças de ligação, de metais comuns, isolados interiormente";
13.001.00;3003;13. Medicamentos de uso humano e outros produtos farmacêuticos para uso humano ou veterinário;1.0;Medicamentos de referência - positiva, exceto para uso veterinário;
13.001.00;3004;13. Medicamentos de uso humano e outros produtos farmacêuticos para uso humano ou veterinário;1.0;Medicamentos de referência - positiva, exceto para uso veterinário;
13.001.01;3003;13. Medicamentos de uso humano e outros produtos farmacêuticos para uso humano ou veterinário;1.1;Medicamentos de referência - negativa, exceto para uso veterinário;
13.001.01;3004;13. Medicamentos de uso humano e outros produtos farmacêuticos para uso humano ou veterinário;1.1;Medicamentos de referência - negativa, exceto para uso veterinário;
13.001.02;3003;13. Medicamentos de uso humano e outros produtos farmacêuticos para uso humano ou veterinário;1.2;Medicamentos de referência - neutra, exceto para uso veterinário;
13.001.02;3004;13. Medicamentos de uso humano e outros produtos farmacêuticos para uso humano ou veterinário;1.2;Medicamentos de referência - neutra, exceto para uso veterinário;
13.002.00;3003;13. Medicamentos de uso humano e outros produtos farmacêuticos para uso humano ou veterinário;2.0;Medicamentos genérico - positiva, exceto para uso veterinário;
13.002.00;3004;13. Medicamentos de uso humano e outros produtos farmacêuticos para uso humano ou veterinário;2.0;Medicamentos genérico - positiva, exceto para uso veterinário;
13.002.01;3003;13. Medicamentos de uso humano e outros produtos farmacêuticos para uso humano ou veterinário;2.1;Medicamentos genérico - negativa, exceto para uso veterinário;
13.002.01;3004;13. Medicamentos de uso humano e outros produtos farmacêuticos para uso humano ou veterinário;2.1;Medicamentos genérico - negativa, exceto para uso veterinário;
13.002.02;3003;13. Medicamentos de uso humano e outros produtos farmacêuticos para uso humano ou veterinário;2.2;Medicamentos genérico - neutra, exceto para uso veterinário;
13.002.02;3004;13. Medicamentos de uso humano e outros produtos farmacêuticos para uso humano ou veterinário;2.2;Medicamentos genérico - neutra, exceto para uso veterinário;
13.003.00;3003;13. Medicamentos de uso humano e outros produtos farmacêuticos para uso humano ou veterinário;3.0;Medicamentos similar - positiva, exceto para uso veterinário;
13.003.00;3004;13. Medicamentos de uso humano e outros produtos farmacêuticos para uso humano ou veterinário;3.0;Medicamentos similar - positiva, exceto para uso veterinário;
13.003.01;3003;13. Medicamentos de uso humano e outros produtos farmacêuticos para uso humano ou veterinário;3.1;Medicamentos similar - negativa, exceto para uso veterinário;
13.003.01;3004;13. Medicamentos de uso humano e outros produtos farmacêuticos para uso humano ou veterinário;3.1;Medicamentos similar - negativa, exceto para uso veterinário;
13.003.02;3003;13. Medicamentos de uso humano e outros produtos farmacêuticos para uso humano ou veterinário;3.2;Medicamentos similar - neutra, exceto para uso veterinário;
13.003.02;3004;13. Medicamentos de uso humano e outros produtos farmacêuticos para uso humano ou veterinário;3.2;Medicamentos similar - neutra, exceto para uso veterinário;
13.004.00;3003;13. Medicamentos de uso humano e outros produtos farmacêuticos para uso humano ou veterinário;4.0;Outros tipos de medicamentos - positiva, exceto para uso veterinário;
13.004.00;3004;13. Medicamentos de uso humano e outros produtos farmacêuticos para uso humano ou veterinário;4.0;Outros tipos de medicamentos - positiva, exceto para uso veterinário;
13.004.01;3003;13. Medicamentos de uso humano e outros produtos farmacêuticos para uso humano ou veterinário;4.1;Outros tipos de medicamentos - negativa, exceto para uso veterinário;
13.004.01;3004;13. Medicamentos de uso humano e outros produtos farmacêuticos para uso humano ou veterinário;4.1;Outros tipos de medicamentos - negativa, exceto para uso veterinário;
13.004.02;3003;13. Medicamentos de uso humano e outros produtos farmacêuticos para uso humano ou veterinário;4.2;Outros tipos de medicamentos - neutra, exceto para uso veterinário;
13.004.02;3004;13. Medicamentos de uso humano e outros produtos farmacêuticos para uso humano ou veterinário;4.2;Outros tipos de medicamentos - neutra, exceto para uso veterinário;
13.005.00;3006.60.00;13. Medicamentos de uso humano e outros produtos farmacêuticos para uso humano ou veterinário;5.0;Preparações químicas contraceptivas de referência, à base de hormônios, de outros produtos da posição 29.37 ou de espermicidas - positiva.;
13.005.01;3006.60.00;13. Medicamentos de uso humano e outros produtos farmacêuticos para uso humano ou veterinário;5.1;Preparações químicas contraceptivas de referência, à base de hormônios, de outros produtos da posição 29.37 ou de espermicidas - negativa.;
13.005.02;3006.60.00;13. Medicamentos de uso humano e outros produtos farmacêuticos para uso humano ou veterinário;5.2;Preparações químicas contraceptivas genérico, à base de hormônios, de outros produtos da posição 29.37 ou de espermicidas – positiva.;
13.005.03;3006.60.00;13. Medicamentos de uso humano e outros produtos farmacêuticos para uso humano ou veterinário;5.3;Preparações químicas contraceptivas genérico, à base de hormônios, de outros produtos da posição 29.37 ou de espermicidas – negativa.;
13.005.04;3006.60.00;13. Medicamentos de uso humano e outros produtos farmacêuticos para uso humano ou veterinário;5.4;Preparações químicas contraceptivas similar, à base de hormônios, de outros produtos da posição 29.37 ou de espermicidas – positiva.;
13.005.05;3006.60.00;13. Medicamentos de uso humano e outros produtos farmacêuticos para uso humano ou veterinário;5.0;Preparações químicas contraceptivas similar, à base de hormônios, de outros produtos da posição 29.37 ou de espermicidas – negativa.;
13.006.00;2936;13. Medicamentos de uso humano e outros produtos farmacêuticos para uso humano ou veterinário;6.0;Provitaminas e vitaminas, naturais ou reproduzidas por síntese (incluídos os concentrados naturais), bem como os seus derivados utilizados principalmente como vitaminas, misturados ou não entre si, mesmo em quaisquer soluções - neutra;
13.007.00;3006.30;13. Medicamentos de uso humano e outros produtos farmacêuticos para uso humano ou veterinário;7.0;Preparações opacificantes (contrastantes) para exames radiográficos e reagentes de diagnóstico concebidos para serem administrados ao paciente - positiva;
13.007.01;3006.30;13. Medicamentos de uso humano e outros produtos farmacêuticos para uso humano ou veterinário;7.1;Preparações opacificantes (contrastantes) para exames radiográficos e reagentes de diagnóstico concebidos para serem administrados ao paciente - negativa;
13.008.00;3002;13. Medicamentos de uso humano e outros produtos farmacêuticos para uso humano ou veterinário;8.0;Antissoro, outras frações do sangue, produtos imunológicos modificados, mesmo obtidos por via biotecnológica, exceto para uso veterinário - positiva;
13.008.01;3002;13. Medicamentos de uso humano e outros produtos farmacêuticos para uso humano ou veterinário;8.1;Antissoro, outras frações do sangue, produtos imunológicos modificados, mesmo obtidos por via biotecnológica, exceto para uso veterinário - negativa;
13.009.00;3002;13. Medicamentos de uso humano e outros produtos farmacêuticos para uso humano ou veterinário;9.0;"Vacinas e produtos semelhantes, exceto para uso veterinário - positiva;";
13.009.01;3002;13. Medicamentos de uso humano e outros produtos farmacêuticos para uso humano ou veterinário;9.1;"Vacinas e produtos semelhantes, exceto para uso veterinário - negativa;";
13.010.00;3005.10.10;13. Medicamentos de uso humano e outros produtos farmacêuticos para uso humano ou veterinário;10.0;Curativos (pensos) adesivos e outros artigos com uma camada adesiva, impregnados ou recobertos de substâncias farmacêuticas - Lista Positiva;
13.010.01;3005.10.10;13. Medicamentos de uso humano e outros produtos farmacêuticos para uso humano ou veterinário;10.1;Curativos (pensos) adesivos e outros artigos com uma camada adesiva, impregnados ou recobertos de substâncias farmacêuticas - Lista Negativa;
13.011.00;3005;13. Medicamentos de uso humano e outros produtos farmacêuticos para uso humano ou veterinário;11.0;Algodão, atadura, esparadrapo, gazes, pensos, sinapismos, e outros, acondicionados para venda a retalho para usos medicinais, cirúrgicos ou dentários, não impregnados ou recobertos de substâncias farmacêuticas - Lista Neutra;
13.012.00;4015.11.00;13. Medicamentos de uso humano e outros produtos farmacêuticos para uso humano ou veterinário;12.0;Luvas cirúrgicas e luvas de procedimento - neutra;
13.012.00;4015.19.00;13. Medicamentos de uso humano e outros produtos farmacêuticos para uso humano ou veterinário;12.0;Luvas cirúrgicas e luvas de procedimento - neutra;
13.013.00;4014.10.00;13. Medicamentos de uso humano e outros produtos farmacêuticos para uso humano ou veterinário;13.0;Preservativo – neutra;
13.014.00;9018.31;13. Medicamentos de uso humano e outros produtos farmacêuticos para uso humano ou veterinário;14.0;Seringas, mesmo com agulhas - neutra;
13.015.00;9018.32.1;13. Medicamentos de uso humano e outros produtos farmacêuticos para uso humano ou veterinário;15.0;Agulhas para seringas - neutra;
13.016.00;3926.90.90;13. Medicamentos de uso humano e outros produtos farmacêuticos para uso humano ou veterinário;16.0;Contraceptivos (dispositivos intrauterinos - DIU) - neutra;
13.016.00;9018.90.99;13. Medicamentos de uso humano e outros produtos farmacêuticos para uso humano ou veterinário;16.0;Contraceptivos (dispositivos intrauterinos - DIU) - neutra;
14.001.00;7013;14. Papéis, plásticos, produtos cerâmicos e vidros;1.0;Objetos de vidro para serviço de mesa ou de cozinha;
14.002.00;7013.37.00;14. Papéis, plásticos, produtos cerâmicos e vidros;2.0;Outros copos, exceto de vitrocerâmica;
14.003.00;7013.42.90;14. Papéis, plásticos, produtos cerâmicos e vidros;3.0;Objetos para serviço de mesa (exceto copos) ou de cozinha, exceto de vitrocerâmica;
14.004.00;3919;14. Papéis, plásticos, produtos cerâmicos e vidros;4.0;Lonas plásticas, exceto as para uso na construção;
14.004.00;3920;14. Papéis, plásticos, produtos cerâmicos e vidros;4.0;Lonas plásticas, exceto as para uso na construção;
14.004.00;3921;14. Papéis, plásticos, produtos cerâmicos e vidros;4.0;Lonas plásticas, exceto as para uso na construção;
14.005.00;3924;14. Papéis, plásticos, produtos cerâmicos e vidros;5.0;Artefatos de higiene/toucador de plástico, exceto os para uso na construção;
14.006.00;3924.10.00;14. Papéis, plásticos, produtos cerâmicos e vidros;6.0;Serviços de mesa e outros utensílios de mesa ou de cozinha, de plástico, não descartáveis;
14.006.01;3924.10.00;14. Papéis, plásticos, produtos cerâmicos e vidros;6.1;Serviços de mesa e outros utensílios de mesa ou de cozinha, de plástico, descartáveis;
14.007.00;6911.10.10;14. Papéis, plásticos, produtos cerâmicos e vidros;7.0;Artigos para serviço de mesa ou de cozinha, de porcelana, inclusive os descartáveis – estojos;
14.008.00;6911.10.90;14. Papéis, plásticos, produtos cerâmicos e vidros;8.0;Artigos para serviço de mesa ou de cozinha, de porcelana, inclusive os descartáveis – avulsos;
14.009.00;6912.00.00;14. Papéis, plásticos, produtos cerâmicos e vidros;9.0;Artigos para serviço de mesa ou de cozinha, de cerâmica;
14.010.00;6912.00.00;14. Papéis, plásticos, produtos cerâmicos e vidros;10.0;Velas para filtros;
14.011.00;4823.20.9;14. Papéis, plásticos, produtos cerâmicos e vidros;11.0;Filtros descartáveis para coar café ou chá;
14.012.00;4823.6;14. Papéis, plásticos, produtos cerâmicos e vidros;12.0;Bandejas, travessas, pratos, xícaras ou chávenas, taças, copos e artigos semelhantes, de papel ou cartão;
14.013.00;4813.10.00;14. Papéis, plásticos, produtos cerâmicos e vidros;13.0;Papel para cigarro;
16.001.00;4011.10.00;16. Pneumáticos, câmaras de ar e protetores de borracha;1.0;Pneus novos, dos tipos utilizados em automóveis de passageiros (incluídos os veículos de uso misto - camionetas e os automóveis de corrida);
16.002.00;4011;16. Pneumáticos, câmaras de ar e protetores de borracha;2.0;Pneus novos, dos tipos utilizados em caminhões (inclusive para os fora-de-estrada), ônibus, aviões, máquinas de terraplenagem, de construção e conservação de estradas, máquinas e tratores agrícolas, pá-carregadeira;
16.003.00;4011.40.00;16. Pneumáticos, câmaras de ar e protetores de borracha;3.0;Pneus novos para motocicletas;
16.004.00;4011;16. Pneumáticos, câmaras de ar e protetores de borracha;4.0;Outros tipos de pneus novos, exceto os itens classificados no CEST 16.005.00;
16.005.00;4011.50.00;16. Pneumáticos, câmaras de ar e protetores de borracha;5.0;Pneus novos de borracha dos tipos utilizados em bicicletas;
16.006.00;4012.1;16. Pneumáticos, câmaras de ar e protetores de borracha;6.0;Pneus recauchutados;
16.007.00;4012.90;16. Pneumáticos, câmaras de ar e protetores de borracha;7.0;Protetores de borracha, exceto os itens classificados no CEST 16.007.01;
16.007.01;4012.90;16. Pneumáticos, câmaras de ar e protetores de borracha;7.1;Protetores de borracha para bicicletas;
16.008.00;4013;16. Pneumáticos, câmaras de ar e protetores de borracha;8.0;Câmaras de ar de borracha, exceto os itens classificados no CEST 16.009.00;
16.009.00;4013.20.00;16. Pneumáticos, câmaras de ar e protetores de borracha;9.0;Câmaras de ar de borracha dos tipos utilizados em bicicletas;
17.001.00;1704.90.10;17. Produtos alimentícios;1.0;Chocolate branco, em embalagens de conteúdo inferior ou igual a 1 kg, excluídos os ovos de páscoa de chocolate.;Fabricados em escala industrial não relevante
17.002.00;1806.31.10;17. Produtos alimentícios;2.0;Chocolates contendo cacau, em embalagens de conteúdo inferior ou igual a 1 kg;Fabricados em escala industrial não relevante
17.002.00;1806.31.20;17. Produtos alimentícios;2.0;Chocolates contendo cacau, em embalagens de conteúdo inferior ou igual a 1 kg;Fabricados em escala industrial não relevante
17.003.00;1806.32.10;17. Produtos alimentícios;3.0;Chocolate em barras, tabletes ou blocos ou no estado líquido, em pasta, em pó, grânulos ou formas semelhantes, em recipientes ou embalagens imediatas de conteúdo inferior ou igual a 2 kg;Fabricados em escala industrial não relevante
17.003.00;1806.32.20;17. Produtos alimentícios;3.0;Chocolate em barras, tabletes ou blocos ou no estado líquido, em pasta, em pó, grânulos ou formas semelhantes, em recipientes ou embalagens imediatas de conteúdo inferior ou igual a 2 kg;Fabricados em escala industrial não relevante
17.004.00;1806.90.00;17. Produtos alimentícios;4.0;Chocolates e outras preparações alimentícias contendo cacau, em embalagens de conteúdo inferior ou igual a 1 kg, excluídos os achocolatados em pó e ovos de páscoa de chocolate.;Fabricados em escala industrial não relevante
17.005.00;1704.90.10;17. Produtos alimentícios;5.0;Ovos de páscoa de chocolate branco;Fabricados em escala industrial não relevante
17.005.01;1806.90.00;17. Produtos alimentícios;5.1;Ovos de páscoa de chocolate;Fabricados em escala industrial não relevante
17.006.00;1806.90.00;17. Produtos alimentícios;6.0;Achocolatados em pó, em embalagens de conteúdo inferior ou igual a 1 kg, exceto os classificados no CEST 17.006.02;Fabricados em escala industrial não relevante
17.006.01;1806.10.00;17. Produtos alimentícios;6.1;Cacau em pó, com adição de açúcar ou de outros edulcorantes, em embalagens de conteúdo inferior ou igual a 1kg;Fabricados em escala industrial não relevante
17.006.02;1806.90.00;17. Produtos alimentícios;6.2;Achocolatados em pó, em cápsulas;Fabricados em escala industrial não relevante
17.007.00;1806.90.00;17. Produtos alimentícios;7.0;Caixas de bombons contendo cacau, em embalagens de conteúdo inferior ou igual a 1 kg;Fabricados em escala industrial não relevante
17.008.00;1704.90.90;17. Produtos alimentícios;8.0;Bombons, inclusive à base de chocolate branco sem cacau;Fabricados em escala industrial não relevante
17.009.00;1806.90.00;17. Produtos alimentícios;9.0;Bombons, balas, caramelos, confeitos, pastilhas e outros produtos de confeitaria, contendo cacau;Fabricados em escala industrial não relevante
17.010.00;2009;17. Produtos alimentícios;10.0;"Sucos de frutas ou de produtos hortícolas; mistura de sucos";Fabricados em escala industrial não relevante
17.011.00;2009.8;17. Produtos alimentícios;11.0;Água de coco;Fabricados em escala industrial não relevante
17.012.00;0402.1;17. Produtos alimentícios;12.0;Leite em pó, blocos ou grânulos, exceto creme de leite;Fabricados em escala industrial não relevante
17.012.00;0402.2;17. Produtos alimentícios;12.0;Leite em pó, blocos ou grânulos, exceto creme de leite;Fabricados em escala industrial não relevante
17.012.00;0402.9;17. Produtos alimentícios;12.0;Leite em pó, blocos ou grânulos, exceto creme de leite;Fabricados em escala industrial não relevante
17.013.00;1901.10.20;17. Produtos alimentícios;13.0;Farinha láctea;Fabricados em escala industrial não relevante
17.014.00;1901.10.10;17. Produtos alimentícios;14.0;Leite modificado para alimentação de crianças;Fabricados em escala industrial não relevante
17.015.00;1901.10.30;17. Produtos alimentícios;15.0;Preparações para alimentação infantil à base de farinhas, grumos, sêmolas ou amidos e outros;Fabricados em escala industrial não relevante
17.015.00;1901.10.90;17. Produtos alimentícios;15.0;Preparações para alimentação infantil à base de farinhas, grumos, sêmolas ou amidos e outros;Fabricados em escala industrial não relevante
17.016.00;0401.10.10;17. Produtos alimentícios;16.0;Leite “longa vida” (UHT - “Ultra High Temperature”), em recipiente de conteúdo inferior ou igual a 2 litros;Fabricados em escala industrial não relevante
17.016.00;0401.20.10;17. Produtos alimentícios;16.0;Leite “longa vida” (UHT - “Ultra High Temperature”), em recipiente de conteúdo inferior ou igual a 2 litros;Fabricados em escala industrial não relevante
17.016.01;0401.10.10;17. Produtos alimentícios;16.1;Leite “longa vida” (UHT - “Ultra High Temperature”), em recipiente de conteúdo superior a 2 litros e inferior ou igual a 5 litros;Fabricados em escala industrial não relevante
17.016.01;0401.20.10;17. Produtos alimentícios;16.1;Leite “longa vida” (UHT - “Ultra High Temperature”), em recipiente de conteúdo superior a 2 litros e inferior ou igual a 5 litros;Fabricados em escala industrial não relevante
17.017.00;0401.40.10;17. Produtos alimentícios;17.0;Leite em recipiente de conteúdo inferior ou igual a 1 litro;Fabricados em escala industrial não relevante
17.017.00;0401.50.10;17. Produtos alimentícios;17.0;Leite em recipiente de conteúdo inferior ou igual a 1 litro;Fabricados em escala industrial não relevante
17.017.01;0401.40.10;17. Produtos alimentícios;17.1;Leite em recipiente de conteúdo superior a 1 litro e inferior ou igual a 5 litros;Fabricados em escala industrial não relevante
17.017.01;0401.50.10;17. Produtos alimentícios;17.1;Leite em recipiente de conteúdo superior a 1 litro e inferior ou igual a 5 litros;Fabricados em escala industrial não relevante
17.018.00;0401.10.90;17. Produtos alimentícios;18.0;Leite do tipo pasteurizado em recipiente de conteúdo inferior ou igual a 1 litro;Fabricados em escala industrial não relevante
17.018.00;0401.20.90;17. Produtos alimentícios;18.0;Leite do tipo pasteurizado em recipiente de conteúdo inferior ou igual a 1 litro;Fabricados em escala industrial não relevante
17.018.01;0401.10.90;17. Produtos alimentícios;18.1;Leite do tipo pasteurizado em recipiente de conteúdo superior a 1 litro e inferior ou igual a 5 litros;Fabricados em escala industrial não relevante
17.018.01;0401.20.90;17. Produtos alimentícios;18.1;Leite do tipo pasteurizado em recipiente de conteúdo superior a 1 litro e inferior ou igual a 5 litros;Fabricados em escala industrial não relevante
17.019.00;0401.40.2;17. Produtos alimentícios;19.0;Creme de leite, em recipiente de conteúdo inferior ou igual a 1 kg;Fabricados em escala industrial não relevante
17.019.00;0402.21.30;17. Produtos alimentícios;19.0;Creme de leite, em recipiente de conteúdo inferior ou igual a 1 kg;Fabricados em escala industrial não relevante
17.019.00;0402.29.30;17. Produtos alimentícios;19.0;Creme de leite, em recipiente de conteúdo inferior ou igual a 1 kg;Fabricados em escala industrial não relevante
17.019.00;0402.9;17. Produtos alimentícios;19.0;Creme de leite, em recipiente de conteúdo inferior ou igual a 1 kg;Fabricados em escala industrial não relevante
17.019.01;0401.40.2;17. Produtos alimentícios;19.1;Creme de leite, em recipiente de conteúdo superior a 1 kg;Fabricados em escala industrial não relevante
17.019.01;0402.21.30;17. Produtos alimentícios;19.1;Creme de leite, em recipiente de conteúdo superior a 1 kg;Fabricados em escala industrial não relevante
17.019.01;0402.29.30;17. Produtos alimentícios;19.1;Creme de leite, em recipiente de conteúdo superior a 1 kg;Fabricados em escala industrial não relevante
17.019.01;0402.9;17. Produtos alimentícios;19.1;Creme de leite, em recipiente de conteúdo superior a 1 kg;Fabricados em escala industrial não relevante
17.019.02;0401.10;17. Produtos alimentícios;19.2;Outros cremes de leite, em recipiente de conteúdo inferior ou igual a 1kg;Fabricados em escala industrial não relevante
17.019.02;0401.20;17. Produtos alimentícios;19.2;Outros cremes de leite, em recipiente de conteúdo inferior ou igual a 1kg;Fabricados em escala industrial não relevante
17.019.02;0401.50;17. Produtos alimentícios;19.2;Outros cremes de leite, em recipiente de conteúdo inferior ou igual a 1kg;Fabricados em escala industrial não relevante
17.019.02;0402.10;17. Produtos alimentícios;19.2;Outros cremes de leite, em recipiente de conteúdo inferior ou igual a 1kg;Fabricados em escala industrial não relevante
17.019.02;0402.29.20;17. Produtos alimentícios;19.2;Outros cremes de leite, em recipiente de conteúdo inferior ou igual a 1kg;Fabricados em escala industrial não relevante
17.020.00;0402.9;17. Produtos alimentícios;20.0;Leite condensado, em recipiente de conteúdo inferior ou igual a 1 kg;Fabricados em escala industrial não relevante
17.020.01;0402.9;17. Produtos alimentícios;20.1;Leite condensado, em recipiente de conteúdo superior a 1 kg;Fabricados em escala industrial não relevante
17.021.00;403;17. Produtos alimentícios;21.0;Iogurte e leite fermentado em recipiente de conteúdo inferior ou igual a 2 litros, exceto o item classificado no CEST 17.022.00;Fabricados em escala industrial não relevante
17.021.00;403;17. Produtos alimentícios;14;Iogurte e leite fermentado em recipiente de conteúdo inferior ou igual a 2 litros, exceto o item classificado no CEST 17.022.00;Fabricados em escala industrial não relevante
17.021.01;403;17. Produtos alimentícios;21.1;Iogurte e leite fermentado em recipiente de conteúdo inferior ou igual a 2 litros, exceto o item classificado no CEST 17.022.00;Fabricados em escala industrial não relevante
17.021.01;403;17. Produtos alimentícios;15;Iogurte e leite fermentado em recipiente de conteúdo superior a 2 litros, exceto o item classificado no CEST 17.022.00;Fabricados em escala industrial não relevante
17.022.00;0403.90.00;17. Produtos alimentícios;22.0;Coalhada;Fabricados em escala industrial não relevante
17.023.00;0406;17. Produtos alimentícios;23.0;Requeijão e similares, em recipiente de conteúdo inferior ou igual a 1 kg, exceto as embalagens individuais de conteúdo inferior ou igual a 10 g;Fabricados em escala industrial não relevante
17.023.01;0406;17. Produtos alimentícios;23.1;Requeijão e similares, em recipiente de conteúdo superior a 1 kg;Fabricados em escala industrial não relevante
17.024.00;0406;17. Produtos alimentícios;24.0;Queijos, exceto os dos CEST 17.024.01, 17.024.02, 17.024.03 e 17.024.04;Fabricados em escala industrial não relevante
17.024.01;0406.10.10;17. Produtos alimentícios;24.1;Queijo muçarela;Fabricados em escala industrial não relevante
17.024.02;0406.10.90;17. Produtos alimentícios;24.2;Queijo minas frescal;Fabricados em escala industrial não relevante
17.024.03;0406.10.90;17. Produtos alimentícios;24.3;Queijo ricota;Fabricados em escala industrial não relevante
17.024.04;0406.10.90;17. Produtos alimentícios;24.4;Queijo petit suisse;Fabricados em escala industrial não relevante
17.025.00;0405.10.00;17. Produtos alimentícios;25.0;Manteiga, em embalagem de conteúdo inferior ou igual a 1 kg, exceto as embalagens individuais de conteúdo inferior ou igual a 10 g;Fabricados em escala industrial não relevante
17.025.01;0405.10.00;17. Produtos alimentícios;25.1;Manteiga, em embalagem de conteúdo superior a 1 kg;Fabricados em escala industrial não relevante
17.025.02;0405.90.90;17. Produtos alimentícios;25.2;Manteiga de garrafa;Fabricados em escala industrial não relevante
17.026.00;1517.10.00;17. Produtos alimentícios;26.0;Margarina e creme vegetal em recipiente de conteúdo inferior ou igual a 500 g, exceto as embalagens individuais de conteúdo inferior ou igual a 10 g;Fabricados em escala industrial não relevante
17.027.00;1517.10.00;17. Produtos alimentícios;27.0;Margarina e creme vegetal, em recipiente de conteúdo superior a 500 g e inferior ou igual a 1 kg, exceto as embalagens individuais de conteúdo inferior ou igual a 10 g;Fabricados em escala industrial não relevante
17.027.01;1517.10.00;17. Produtos alimentícios;27.1;Margarina e creme vegetal, em recipiente de conteúdo superior a 1 kg;Fabricados em escala industrial não relevante
17.027.02;1517.90;17. Produtos alimentícios;27.2;Outras margarinas e cremes vegetais em recipiente de conteúdo inferior a 1 kg, exceto as embalagens individuais de conteúdo inferior ou igual a 10 g;Fabricados em escala industrial não relevante
17.028.00;1516.20.00;17. Produtos alimentícios;28.0;Gorduras e óleos vegetais e respectivas frações, parcial ou totalmente hidrogenados, interesterificados, reesterificados ou elaidinizados, mesmo refinados, mas não preparados de outro modo, em recipiente de conteúdo inferior ou igual a 1 kg, exceto as embalagens individuais de conteúdo inferior ou igual a 10 g;
17.028.01;1516.20.00;17. Produtos alimentícios;28.1;Gorduras e óleos vegetais e respectivas frações, parcial ou totalmente hidrogenados, interesterificados, reesterificados ou elaidinizados, mesmo refinados, mas não preparados de outro modo, em recipiente de conteúdo superior a 1 kg, exceto as embalagens individuais de conteúdo inferior ou igual a 10 g;
17.029.00;1901.90.20;17. Produtos alimentícios;29.0;Doces de leite;Fabricados em escala industrial não relevante
17.030.00;1904.10.00;17. Produtos alimentícios;30.0;Produtos à base de cereais, obtidos por expansão ou torrefação;Fabricados em escala industrial não relevante
17.030.00;1904.90.00;17. Produtos alimentícios;30.0;Produtos à base de cereais, obtidos por expansão ou torrefação;Fabricados em escala industrial não relevante
17.031.00;1905.90.90;17. Produtos alimentícios;31.0;Salgadinhos diversos, exceto os classificados no CEST 17.031.01;Fabricados em escala industrial não relevante
17.031.00;1905.90.90;17. Produtos alimentícios;4;Salgadinhos diversos, exceto os classificados no CEST 17.031.01;Fabricados em escala industrial não relevante
17.031.01;1905.90.90;17. Produtos alimentícios;31.1;Salgadinhos diversos, derivados de farinha de trigo;
17.031.01;1905.90.90;17. Produtos alimentícios;4.1;Salgadinhos diversos, derivados de farinha de trigo;
17.032.00;2005.20.00;17. Produtos alimentícios;32.0;Batata frita, inhame e mandioca fritos;Fabricados em escala industrial não relevante
17.032.00;2005.9;17. Produtos alimentícios;32.0;Batata frita, inhame e mandioca fritos;Fabricados em escala industrial não relevante
17.033.00;2008.1;17. Produtos alimentícios;33.0;Amendoim e castanhas tipo aperitivo, em embalagem de conteúdo inferior ou igual a 1 kg;Fabricados em escala industrial não relevante
17.033.01;2008.1;17. Produtos alimentícios;33.1;Amendoim e castanhas tipo aperitivo, em embalagem de conteúdo superior a 1 kg;Fabricados em escala industrial não relevante
17.034.00;2103.20.10;17. Produtos alimentícios;34.0;Catchup em embalagens imediatas de conteúdo inferior ou igual a 650 g, exceto as embalagens contendo envelopes individualizados (sachês) de conteúdo inferior ou igual a 10 g;Fabricados em escala industrial não relevante
17.035.00;2103.90.21;17. Produtos alimentícios;35.0;Condimentos e temperos compostos, incluindo molho de pimenta e outros molhos, em embalagens imediatas de conteúdo inferior ou igual a 1 kg, exceto as embalagens contendo envelopes individualizados (sachês) de conteúdo inferior ou igual a 3 g;Fabricados em escala industrial não relevante
17.035.00;2103.90.91;17. Produtos alimentícios;35.0;Condimentos e temperos compostos, incluindo molho de pimenta e outros molhos, em embalagens imediatas de conteúdo inferior ou igual a 1 kg, exceto as embalagens contendo envelopes individualizados (sachês) de conteúdo inferior ou igual a 3 g;Fabricados em escala industrial não relevante
17.036.00;2103.10.10;17. Produtos alimentícios;36.0;Molhos de soja preparados em embalagens imediatas de conteúdo inferior ou igual a 650 g, exceto as embalagens contendo envelopes individualizados (sachês) de conteúdo inferior ou igual a 10 g;Fabricados em escala industrial não relevante
17.037.00;2103.30.10;17. Produtos alimentícios;37.0;Farinha de mostarda em embalagens de conteúdo inferior ou igual a 1 kg;Fabricados em escala industrial não relevante
17.038.00;2103.30.21;17. Produtos alimentícios;38.0;Mostarda preparada em embalagens imediatas de conteúdo inferior ou igual a 650 g, exceto as embalagens contendo envelopes individualizados (sachês) de conteúdo inferior ou igual a 10 g;Fabricados em escala industrial não relevante
17.039.00;2103.90.11;17. Produtos alimentícios;39.0;Maionese em embalagens imediatas de conteúdo inferior ou igual a 650 g, exceto as embalagens contendo envelopes individualizados (sachês) de conteúdo inferior ou igual a 10 g;Fabricados em escala industrial não relevante
17.040.00;2002;17. Produtos alimentícios;40.0;Tomates preparados ou conservados, exceto em vinagre ou em ácido acético, em embalagens de conteúdo inferior ou igual a 1 kg;Fabricados em escala industrial não relevante
17.041.00;2103.20.10;17. Produtos alimentícios;41.0;Molhos de tomate em embalagens imediatas de conteúdo inferior ou igual a 1 kg;Fabricados em escala industrial não relevante
17.042.00;1704.90.90;17. Produtos alimentícios;42.0;Barra de cereais;Fabricados em escala industrial não relevante
17.042.00;1904.20.00;17. Produtos alimentícios;42.0;Barra de cereais;Fabricados em escala industrial não relevante
17.042.00;1904.90.00;17. Produtos alimentícios;42.0;Barra de cereais;Fabricados em escala industrial não relevante
17.043.00;1806.31.20;17. Produtos alimentícios;43.0;Barra de cereais contendo cacau;Fabricados em escala industrial não relevante
17.043.00;1806.32.20;17. Produtos alimentícios;43.0;Barra de cereais contendo cacau;Fabricados em escala industrial não relevante
17.043.00;1806.90.00;17. Produtos alimentícios;43.0;Barra de cereais contendo cacau;Fabricados em escala industrial não relevante
17.044.00;1101.00.10;17. Produtos alimentícios;44.0;Farinha de trigo especial, em embalagem inferior ou igual a 1 kg;
17.044.01;1101.00.10;17. Produtos alimentícios;44.1;Farinha de trigo especial, em embalagem superior a 1 kg e inferior a 5 kg;
17.044.02;1101.00.10;17. Produtos alimentícios;44.2;Farinha de trigo especial, em embalagem igual a 5 kg;
17.044.03;1101.00.10;17. Produtos alimentícios;44.3;Farinha de trigo especial, em embalagem superior a 5 kg e inferior ou igual a 25 kg;
17.044.04;1101.00.10;17. Produtos alimentícios;44.4;Farinha de trigo especial, em embalagem superior a 25 kg e inferior ou igual a 50 kg;
17.044.05;1101.00.10;17. Produtos alimentícios;44.5;Farinha de trigo comum, em embalagem igual a 5 kg;
17.044.06;1101.00.10;17. Produtos alimentícios;44.6;Farinha de trigo comum, em embalagem superior a 5 kg e inferior ou igual a 25 kg;
17.044.07;1101.00.10;17. Produtos alimentícios;44.7;Farinha de trigo comum, em embalagem superior a 25 kg e inferior ou igual a 50 kg;
17.044.08;1101.00.10;17. Produtos alimentícios;44.8;Farinha de trigo doméstica especial, em embalagem superior a 5 kg e inferior e igual a 10 kg;
17.044.09;1101.00.10;17. Produtos alimentícios;44.9;Farinha de trigo doméstica com fermento, em embalagem superior a 5 kg e inferior e igual a 10 kg;
17.044.10;1101.00.10;17. Produtos alimentícios;44.10;Farinha de trigo especial, em embalagem superior a 50 Kg;
17.044.11;1101.00.10;17. Produtos alimentícios;44.11;Farinha de trigo comum, em embalagem inferior ou igual a 1 kg;
17.044.12;1101.00.10;17. Produtos alimentícios;44.12;Farinha de trigo comum, em embalagem superior a 1 kg e inferior a 5 Kg;
17.044.13;1101.00.10;17. Produtos alimentícios;44.13;Farinha de trigo comum, em embalagem superior a 50 kg;
17.044.14;1101.00.10;17. Produtos alimentícios;44.14;Farinha de trigo doméstica especial, em embalagem inferior ou igual a 1 kg;
17.044.15;1101.00.10;17. Produtos alimentícios;44.15;Farinha de trigo doméstica especial, em embalagem superior a 1 kg e inferior a 5 Kg;
17.044.16;1101.00.10;17. Produtos alimentícios;44.16;Farinha de trigo doméstica especial, em embalagem igual a 5 Kg;
17.044.17;1101.00.10;17. Produtos alimentícios;44.17;Farinha de trigo doméstica especial, em embalagem superior a 10 Kg;
17.044.18;1101.00.10;17. Produtos alimentícios;44.18;Farinha de trigo doméstica com fermento, em embalagem inferior ou igual a 1 kg;
17.044.19;1101.00.10;17. Produtos alimentícios;44.19;Farinha de trigo doméstica com fermento, em embalagem superior a 1 kg e inferior a 5 Kg;
17.044.20;1101.00.10;17. Produtos alimentícios;44.20;Farinha de trigo doméstica com fermento, em embalagem igual a 5 Kg;
17.044.21;1101.00.10;17. Produtos alimentícios;44.21;Farinha de trigo doméstica com fermento, em embalagem superior a 10 Kg;
17.044.22;1101.00.10;17. Produtos alimentícios;44.22;Outras farinhas de trigo, em embalagem inferior ou igual a 1 kg;
17.044.23;1101.00.10;17. Produtos alimentícios;44.23;Outras farinhas de trigo, em embalagem superior a 1 kg e inferior a 5 Kg;
17.044.24;1101.00.10;17. Produtos alimentícios;44.24;Outras farinhas de trigo, em embalagem igual a 5 Kg;
17.044.25;1101.00.10;17. Produtos alimentícios;44.25;Outras farinhas de trigo, em embalagem superior a 5 Kg e inferior ou igual a 25 kg;
17.044.26;1101.00.10;17. Produtos alimentícios;44.26;Outras farinhas de trigo, em embalagem superior a 25 Kg e inferior ou igual a 50 kg;
17.044.27;1101.00.10;17. Produtos alimentícios;44.27;Outras farinhas de trigo, em embalagem superior a 50 Kg;
17.045.00;1101.00.20;17. Produtos alimentícios;45.0;Farinha de mistura de trigo com centeio (méteil);
17.046.00;1901.20.00;17. Produtos alimentícios;46.0;Misturas e preparações para bolos, em embalagem inferior 5 kg;Fabricados em escala industrial não relevante
17.046.00;1901.90.90;17. Produtos alimentícios;46.0;Misturas e preparações para bolos, em embalagem inferior 5 kg;Fabricados em escala industrial não relevante
17.046.01;1901.20.00;17. Produtos alimentícios;46.1;Misturas e preparações para bolos, em embalagem igual a 5 kg;Fabricados em escala industrial não relevante
17.046.01;1901.90.90;17. Produtos alimentícios;46.1;Misturas e preparações para bolos, em embalagem igual a 5 kg;Fabricados em escala industrial não relevante
17.046.02;1901.20.00;17. Produtos alimentícios;46.2;Misturas e preparações para bolos, em embalagem superior a 5 kg e inferior ou igual a 25 Kg;Fabricados em escala industrial não relevante
17.046.02;1901.90.90;17. Produtos alimentícios;46.2;Misturas e preparações para bolos, em embalagem superior a 5 kg e inferior ou igual a 25 Kg;Fabricados em escala industrial não relevante
17.046.03;1901.20.00;17. Produtos alimentícios;46.3;Misturas e preparações para bolos, em embalagem superior a 25 kg e inferior ou igual a 50 Kg;Fabricados em escala industrial não relevante
17.046.03;1901.90.90;17. Produtos alimentícios;46.3;Misturas e preparações para bolos, em embalagem superior a 25 kg e inferior ou igual a 50 Kg;Fabricados em escala industrial não relevante
17.046.04;1901.20.00;17. Produtos alimentícios;46.4;Misturas e preparações para bolos, em embalagem superior a 50 Kg;Fabricados em escala industrial não relevante
17.046.04;1901.90.90;17. Produtos alimentícios;46.4;Misturas e preparações para bolos, em embalagem superior a 50 Kg;Fabricados em escala industrial não relevante
17.046.05;1901.20.00;17. Produtos alimentícios;46.5;Misturas e preparações para pães com menos de 80% de farinha de trigo na sua composição final, em embalagem inferior a 5 kg;Fabricados em escala industrial não relevante
17.046.05;1901.90.90;17. Produtos alimentícios;46.5;Misturas e preparações para pães com menos de 80% de farinha de trigo na sua composição final, em embalagem inferior a 5 kg;Fabricados em escala industrial não relevante
17.046.06;1901.20.00;17. Produtos alimentícios;46.6;Misturas e preparações para pães com menos de 80% de farinha de trigo na sua composição final, em embalagem igual a 5 kg;Fabricados em escala industrial não relevante
17.046.06;1901.90.90;17. Produtos alimentícios;46.6;Misturas e preparações para pães com menos de 80% de farinha de trigo na sua composição final, em embalagem igual a 5 kg;Fabricados em escala industrial não relevante
17.046.07;1901.20.00;17. Produtos alimentícios;46.7;Misturas e preparações para pães com menos de 80% de farinha de trigo na sua composição final, em embalagem superior a 5 kg e inferior ou igual a 25 Kg;Fabricados em escala industrial não relevante
17.046.07;1901.90.90;17. Produtos alimentícios;46.7;Misturas e preparações para pães com menos de 80% de farinha de trigo na sua composição final, em embalagem superior a 5 kg e inferior ou igual a 25 Kg;Fabricados em escala industrial não relevante
17.046.08;1901.20.00;17. Produtos alimentícios;46.8;Misturas e preparações para pães com menos de 80% de farinha de trigo na sua composição final, em embalagem superior a 25 kg e inferior ou igual a 50 Kg;Fabricados em escala industrial não relevante
17.046.08;1901.90.90;17. Produtos alimentícios;46.8;Misturas e preparações para pães com menos de 80% de farinha de trigo na sua composição final, em embalagem superior a 25 kg e inferior ou igual a 50 Kg;Fabricados em escala industrial não relevante
17.046.09;1901.20.00;17. Produtos alimentícios;46.9;Misturas e preparações para pães com menos de 80% de farinha de trigo na sua composição final, em embalagem superior a 50 Kg;Fabricados em escala industrial não relevante
17.046.09;1901.90.90;17. Produtos alimentícios;46.9;Misturas e preparações para pães com menos de 80% de farinha de trigo na sua composição final, em embalagem superior a 50 Kg;Fabricados em escala industrial não relevante
17.046.10;1901.20.00;17. Produtos alimentícios;46.10;Misturas e preparações para pães com, no mínimo, 80% de farinha de trigo na sua composição final, em embalagem inferior a 5 kg;Fabricados em escala industrial não relevante
17.046.10;1901.90.90;17. Produtos alimentícios;46.10;Misturas e preparações para pães com, no mínimo, 80% de farinha de trigo na sua composição final, em embalagem inferior a 5 kg;Fabricados em escala industrial não relevante
17.046.11;1901.20.00;17. Produtos alimentícios;46.11;Misturas e preparações para pães com, no mínimo, 80% de farinha de trigo na sua composição final, em embalagem igual a 5 kg;Fabricados em escala industrial não relevante
17.046.11;1901.90.90;17. Produtos alimentícios;46.11;Misturas e preparações para pães com, no mínimo, 80% de farinha de trigo na sua composição final, em embalagem igual a 5 kg;Fabricados em escala industrial não relevante
17.046.12;1901.20.00;17. Produtos alimentícios;46.12;Misturas e preparações para pães com, no mínimo, 80% de farinha de trigo na sua composição final, em embalagem superior a 5 kg e inferior ou igual a 25 Kg;Fabricados em escala industrial não relevante
17.046.12;1901.90.90;17. Produtos alimentícios;46.12;Misturas e preparações para pães com, no mínimo, 80% de farinha de trigo na sua composição final, em embalagem superior a 5 kg e inferior ou igual a 25 Kg;Fabricados em escala industrial não relevante
17.046.13;1901.20.00;17. Produtos alimentícios;46.13;Misturas e preparações para pães com, no mínimo, 80% de farinha de trigo na sua composição final, em embalagem superior a 25 kg e inferior ou igual a 50 Kg;Fabricados em escala industrial não relevante
17.046.13;1901.90.90;17. Produtos alimentícios;46.13;Misturas e preparações para pães com, no mínimo, 80% de farinha de trigo na sua composição final, em embalagem superior a 25 kg e inferior ou igual a 50 Kg;Fabricados em escala industrial não relevante
17.046.14;1901.20.00;17. Produtos alimentícios;46.14;Misturas e preparações para pães com, no mínimo, 80% de farinha de trigo na sua composição final, em embalagem superior a 50 Kg;Fabricados em escala industrial não relevante
17.046.15;1901.20.90;17. Produtos alimentícios;46.15;Misturas e pastas para a preparação de produtos de padaria, pastelaria e da indústria de bolachas e biscoitos, da posição 19.05, exceto os previstos nos CEST 17.046.00 a 17.046.14 e 17.109.00;Fabricados em escala industrial não relevante
17.046.15;1901.90.90;17. Produtos alimentícios;46.15;Misturas e pastas para a preparação de produtos de padaria, pastelaria e da indústria de bolachas e biscoitos, da posição 19.05, exceto os previstos nos CEST 17.046.00 a 17.046.14 e 17.109.00;Fabricados em escala industrial não relevante
17.046.15;1901.20.90;17. Produtos alimentícios;50;Misturas e pastas para a preparação de produtos de padaria, pastelaria e da indústria de bolachas e biscoitos, da posição 19.05, exceto os previstos nos CEST 17.046.00 a 17.046.14 e 17.109.00;Fabricados em escala industrial não relevante
17.046.15;1901.90.90;17. Produtos alimentícios;50;Misturas e pastas para a preparação de produtos de padaria, pastelaria e da indústria de bolachas e biscoitos, da posição 19.05, exceto os previstos nos CEST 17.046.00 a 17.046.14 e 17.109.00;Fabricados em escala industrial não relevante
17.047.00;1902.30.00;17. Produtos alimentícios;47.0;Massas alimentícias tipo instantânea;Fabricados em escala industrial não relevante
17.048.00;1902;17. Produtos alimentícios;48.0;Massas alimentícias, cozidas ou recheadas (de carne ou de outras substâncias) ou preparadas de outro modo, exceto as descritas nos CEST 17.047.00, 17.048.01, e 17.048.02;Fabricados em escala industrial não relevante
17.048.01;1902.40.00;17. Produtos alimentícios;48.1;Cuscuz;Fabricados em escala industrial não relevante
17.048.02;1902.20.00;17. Produtos alimentícios;48.2;Massas alimentícias recheadas (mesmo cozidas ou preparadas de outro modo);Fabricados em escala industrial não relevante
17.049.00;1902.1;17. Produtos alimentícios;49.0;Massas alimentícias do tipo comum, não cozidas, nem recheadas, nem preparadas de outro modo, exceto a descrita no CEST 17.049.03;Fabricados em escala industrial não relevante
17.049.01;1902.1;17. Produtos alimentícios;49.1;Massas alimentícias do tipo sêmola, não cozidas, nem recheadas, nem preparadas de outro modo, exceto a descrita no CEST 17.049.04;Fabricados em escala industrial não relevante
17.049.02;1902.1;17. Produtos alimentícios;49.2;Massas alimentícias do tipo granoduro, não cozidas, nem recheadas, nem preparadas de outro modo, exceto a descrita no CEST 17.049.05;Fabricados em escala industrial não relevante
17.049.03;1902.19.00;17. Produtos alimentícios;49.3;Massas alimentícias do tipo comum, não cozidas, nem recheadas, nem preparadas de outro modo, que não contenham ovos;Fabricados em escala industrial não relevante
17.049.04;1902.19.00;17. Produtos alimentícios;49.4;Massas alimentícias do tipo sêmola, não cozidas, nem recheadas, nem preparadas de outro modo, que não contenham ovos;Fabricados em escala industrial não relevante
17.049.05;1902.19.00;17. Produtos alimentícios;49.5;Massas alimentícias do tipo granoduro, não cozidas, nem recheadas, nem preparadas de outro modo, que não contenham ovos;Fabricados em escala industrial não relevante
17.050.00;1905.20;17. Produtos alimentícios;50.0;Pães industrializados, inclusive de especiarias, exceto panetones e bolo de forma;Fabricados em escala industrial não relevante
17.051.00;1905.20.90;17. Produtos alimentícios;51.0;Bolo de forma, inclusive de especiarias;Fabricados em escala industrial não relevante
17.052.00;1905.20.10;17. Produtos alimentícios;52.0;Panetones;Fabricados em escala industrial não relevante
17.053.00;1905.31.00;17. Produtos alimentícios;53.0;"Biscoitos e bolachas derivados de farinha de trigo; (exceto dos tipos “cream cracker”, “água e sal”, “maisena”, “maria” e outros de consumo popular que não sejam adicionados de cacau, nem recheados, cobertos ou amanteigados, independentemente de sua denominação comercial)";Fabricados em escala industrial não relevante
17.053.01;1905.31.00;17. Produtos alimentícios;53.1;Biscoitos e bolachas derivados de farinha de trigo dos tipos “maisena” e “maria” e outros de consumo popular que não sejam adicionados de cacau, nem recheados, cobertos ou amanteigados, independentemente de sua denominação comercial, exceto o CEST 17.053.02;Fabricados em escala industrial não relevante
17.053.02;1905.31.00;17. Produtos alimentícios;53.2;"Biscoitos e bolachas derivados de farinha de trigo dos tipos ""cream cracker"" e ""água e sal"" de consumo popular";Fabricados em escala industrial não relevante
17.054.00;1905.31.00;17. Produtos alimentícios;54.0;"Biscoitos e bolachas não derivados de farinha de trigo; (exceto dos tipos ""cream cracker"", ""água e sal"", ""maisena"" e ""maria"" e outros de consumo popular que não sejam adicionados de cacau, nem recheados, cobertos ou amanteigados, independentemente de sua denominação comercial)";Fabricados em escala industrial não relevante
17.054.01;1905.31.00;17. Produtos alimentícios;54.1;"Biscoitos e bolachas não derivados de farinha de trigo dos tipos ""maisena"" e ""maria"" e outros de consumo popular que não sejam adicionados de cacau, nem recheados, cobertos ou amanteigados, independentemente de sua denominação comercial, exceto o CEST 17.054.02";Fabricados em escala industrial não relevante
17.054.02;1905.31.00;17. Produtos alimentícios;54.2;"Biscoitos e bolachas não derivados de farinha de trigo dos tipos ""cream cracker"" e ""água e sal"" de consumo popular";Fabricados em escala industrial não relevante
17.056.00;1905.90.20;17. Produtos alimentícios;56.0;Biscoitos e bolachas derivados de farinha de trigo dos tipos “cream cracker” e “água e sal”;Fabricados em escala industrial não relevante
17.056.01;1905.90.20;17. Produtos alimentícios;56.1;Biscoitos e bolachas não derivados de farinha de trigo dos tipos “cream cracker” e “água e sal”;Fabricados em escala industrial não relevante
17.056.02;1905.90.20;17. Produtos alimentícios;56.2;Outras bolachas, exceto casquinhas para sorvete e os biscoitos e bolachas relacionados nos CEST 17.056.00 e 17.056.01;Fabricados em escala industrial não relevante
17.057.00;1905.32.00;17. Produtos alimentícios;57.0;“Waffles” e “wafers” - sem cobertura;Fabricados em escala industrial não relevante
17.058.00;1905.32.00;17. Produtos alimentícios;58.0;“Waffles” e “wafers” - com cobertura;Fabricados em escala industrial não relevante
17.059.00;1905.40.00;17. Produtos alimentícios;59.0;Torradas, pão torrado e produtos semelhantes torrados;Fabricados em escala industrial não relevante
17.060.00;1905.90.10;17. Produtos alimentícios;60.0;Outros pães de forma;Fabricados em escala industrial não relevante
17.062.00;1905.90.90;17. Produtos alimentícios;62.0;Outros pães, exceto o classificado no CEST 17.062.03;Fabricados em escala industrial não relevante
17.062.01;1905.90.90;17. Produtos alimentícios;62.1;"Outros bolos industrializados e produtos de panificação não especificados anteriormente, incluindo as pizzas; exceto os classificados nos CEST 17.062.02 e 17.062.03";Fabricados em escala industrial não relevante
17.062.02;1905.90.20;17. Produtos alimentícios;62.2;Casquinhas para sorvete;Fabricados em escala industrial não relevante
17.062.02;1905.90.90;17. Produtos alimentícios;62.2;Casquinhas para sorvete;Fabricados em escala industrial não relevante
17.062.03;1905.90.90;17. Produtos alimentícios;62.3;Pão francês até 200g;Fabricados em escala industrial não relevante
17.063.00;1905.10.00;17. Produtos alimentícios;63.0;Pão denominado knackebrot;Fabricados em escala industrial não relevante
17.064.00;1905.90;17. Produtos alimentícios;64.0;Demais pães industrializados;Fabricados em escala industrial não relevante
17.065.00;1507.90.11;17. Produtos alimentícios;65.0;Óleo de soja refinado, em recipientes com capacidade inferior ou igual a 5 litros, exceto as embalagens individuais de conteúdo inferior ou igual a 15 mililitros;
17.066.00;1508;17. Produtos alimentícios;66.0;Óleo de amendoim refinado, em recipientes com capacidade inferior ou igual a 5 litros, exceto as embalagens individuais de conteúdo inferior ou igual a 15 mililitros;
17.067.00;1509;17. Produtos alimentícios;67.0;Azeites de oliva, em recipientes com capacidade inferior a 2 litros, exceto as embalagens individuais de conteúdo inferior ou igual a 20 mililitros;
17.067.01;1509;17. Produtos alimentícios;67.1;Azeites de oliva, em recipientes com capacidade igual ou superior a 2 litros e inferior ou igual a 5 litros;
17.067.02;1509;17. Produtos alimentícios;67.2;Azeites de oliva, em recipientes com capacidade superior a 5 litros;
17.068.00;1510.00.00;17. Produtos alimentícios;68.0;Outros óleos e respectivas frações, obtidos exclusivamente a partir de azeitonas, mesmo refinados, mas não quimicamente modificados, e misturas desses óleos ou frações com óleos ou frações da posição 15.09, em recipientes com capacidade inferior ou igual a 5 litros, exceto as embalagens individuais de conteúdo inferior ou igual a 15 mililitros;
17.069.00;1512.19.11;17. Produtos alimentícios;69.0;Óleo de girassol em recipientes com capacidade inferior ou igual a 5 litros, exceto as embalagens individuais de conteúdo inferior ou igual a 15 mililitros;
17.069.01;1512.29.10;17. Produtos alimentícios;69.1;Óleo de algodão refinado em recipientes com capacidade inferior ou igual a 5 litros, exceto as embalagens individuais de conteúdo inferior ou igual a 15 mililitros;
17.070.00;1514.1;17. Produtos alimentícios;70.0;Óleo de canola, em recipientes com capacidade inferior ou igual a 5 litros, exceto as embalagens individuais de conteúdo inferior ou igual a 15 mililitros;
17.071.00;1515.19.00;17. Produtos alimentícios;71.0;Óleo de linhaça refinado, em recipientes com capacidade inferior ou igual a 5 litros, exceto as embalagens individuais de conteúdo inferior ou igual a 15 mililitros;
17.072.00;1515.29.10;17. Produtos alimentícios;72.0;Óleo de milho refinado, em recipientes com capacidade inferior ou igual a 5 litros, exceto as embalagens individuais de conteúdo inferior ou igual a 15 mililitros;
17.073.00;1512.29.90;17. Produtos alimentícios;73.0;Outros óleos refinados, em recipientes com capacidade inferior ou igual a 5 litros, exceto as embalagens individuais de conteúdo inferior ou igual a 15 mililitros;
17.074.00;1517.90.10;17. Produtos alimentícios;74.0;Misturas de óleos refinados, para consumo humano, em recipientes com capacidade inferior ou igual a 5 litros, exceto as embalagens individuais de conteúdo inferior ou igual a 15 mililitros;
17.075.00;1511;17. Produtos alimentícios;75.0;Outros óleos vegetais comestíveis não especificados anteriormente;
17.075.00;1513;17. Produtos alimentícios;75.0;Outros óleos vegetais comestíveis não especificados anteriormente;
17.075.00;1514;17. Produtos alimentícios;75.0;Outros óleos vegetais comestíveis não especificados anteriormente;
17.075.00;1515;17. Produtos alimentícios;75.0;Outros óleos vegetais comestíveis não especificados anteriormente;
17.075.00;1516;17. Produtos alimentícios;75.0;Outros óleos vegetais comestíveis não especificados anteriormente;
17.075.00;1518;17. Produtos alimentícios;75.0;Outros óleos vegetais comestíveis não especificados anteriormente;
17.076.00;1601.00.00;17. Produtos alimentícios;76.0;"Enchidos (embutidos) e produtos semelhantes, de carne, miudezas ou sangue; exceto salsicha, linguiça e mortadela";Fabricados em escala industrial não relevante
17.077.00;1601.00.00;17. Produtos alimentícios;77.0;Salsicha e linguiça, exceto as descritas nos CEST 17.077.01;Fabricados em escala industrial não relevante
17.077.01;1601.00.00;17. Produtos alimentícios;77.1;Salsicha em lata;Fabricados em escala industrial não relevante
17.078.00;1601.00.00;17. Produtos alimentícios;78.0;Mortadela;Fabricados em escala industrial não relevante
17.079.00;1602;17. Produtos alimentícios;79.0;Outras preparações e conservas de carne, miudezas ou de sangue, exceto as descritas nos CEST 17.079.01, 17.079.02, 17.079.03, 17.079.04, 17.079.05, 17.079.06 e 17.079.07;Fabricados em escala industrial não relevante
17.079.01;1602.31.00;17. Produtos alimentícios;79.1;Outras preparações e conservas de carne, de miudezas ou de sangue, de aves da posição 01.05: de peruas e de perus.;Fabricados em escala industrial não relevante
17.079.02;1602.32.10;17. Produtos alimentícios;79.2;Outras preparações e conservas de carne, de miudezas ou de sangue, de aves da posição 01.05: de galos e de galinhas, com conteúdo de carne ou de miudezas superior ou igual a 57 %, em peso, não cozidas;Fabricados em escala industrial não relevante
17.079.03;1602.32.20;17. Produtos alimentícios;79.3;Outras preparações e conservas de carne, de miudezas ou de sangue, todas de aves da posição 01.05: de galos e de galinhas, com conteúdo de carne ou de miudezas superior ou igual a 57 %, em peso, cozidas;Fabricados em escala industrial não relevante
17.079.04;1602.41.00;17. Produtos alimentícios;79.4;Outras preparações e conservas de carne, de miudezas ou de sangue, da espécie suína: pernas e respectivos pedaços;Fabricados em escala industrial não relevante
17.079.05;1602.49.00;17. Produtos alimentícios;79.5;Outras preparações e conservas de carne, de miudezas ou de sangue, da espécie suína: outras, incluindo as misturas, exceto os descritos no CEST 17.079.07;Fabricados em escala industrial não relevante
17.079.06;1602.50.00;17. Produtos alimentícios;79.6;Outras preparações e conservas de carne, de miudezas ou de sangue, da espécie bovina, exceto os descritos no CEST 17.079.07;Fabricados em escala industrial não relevante
17.079.07;1602.49.00;17. Produtos alimentícios;79.7;Apresuntado;Fabricados em escala industrial não relevante
17.080.00;1604;17. Produtos alimentícios;80.0;"Preparações e conservas de peixes; caviar e seus sucedâneos preparados a partir de ovas de peixe; exceto os descritos nos CEST 17.080.01 e 17.081.00";Fabricados em escala industrial não relevante
17.080.01;1604.20.10;17. Produtos alimentícios;80.1;Outras preparações e conservas de atuns;Fabricados em escala industrial não relevante
17.081.00;1604;17. Produtos alimentícios;81.0;Sardinha em conserva;Fabricados em escala industrial não relevante
17.082.00;1605;17. Produtos alimentícios;82.0;Crustáceos, moluscos e outros invertebrados aquáticos, preparados ou em conservas;Fabricados em escala industrial não relevante
17.083.00;1502;17. Produtos alimentícios;83.0;Carne de gado bovino, ovino e bufalino e produtos comestíveis resultantes da matança desse gado submetidos à salga, secagem ou desidratação, exceto os descritos no CEST 17.083.01;Fabricados em escala industrial não relevante
17.083.00;1502;17. Produtos alimentícios;15;Carne de gado bovino, ovino e bufalino e produtos comestíveis resultantes da matança desse gado submetidos à salga, secagem ou desidratação, exceto os descritos no CEST 17.083.01;Fabricados em escala industrial não relevante
17.083.00;0210.20.00;17. Produtos alimentícios;83.0;Carne de gado bovino, ovino e bufalino e produtos comestíveis resultantes da matança desse gado submetidos à salga, secagem ou desidratação, exceto os descritos no CEST 17.083.01;Fabricados em escala industrial não relevante
17.083.00;0210.20.00;17. Produtos alimentícios;15;Carne de gado bovino, ovino e bufalino e produtos comestíveis resultantes da matança desse gado submetidos à salga, secagem ou desidratação, exceto os descritos no CEST 17.083.01;Fabricados em escala industrial não relevante
17.083.00;0210.99.00;17. Produtos alimentícios;83.0;Carne de gado bovino, ovino e bufalino e produtos comestíveis resultantes da matança desse gado submetidos à salga, secagem ou desidratação, exceto os descritos no CEST 17.083.01;Fabricados em escala industrial não relevante
17.083.00;0210.99.00;17. Produtos alimentícios;15;Carne de gado bovino, ovino e bufalino e produtos comestíveis resultantes da matança desse gado submetidos à salga, secagem ou desidratação, exceto os descritos no CEST 17.083.01;Fabricados em escala industrial não relevante
17.083.01;0210.20.00;17. Produtos alimentícios;15.1;Charque e jerkedbeef;
17.084.00;0201;17. Produtos alimentícios;84.0;Carne de gado bovino, ovino e bufalino e demais produtos comestíveis resultantes da matança desse gado frescos, refrigerados ou congelados;Fabricados em escala industrial não relevante
17.084.00;0202;17. Produtos alimentícios;84.0;Carne de gado bovino, ovino e bufalino e demais produtos comestíveis resultantes da matança desse gado frescos, refrigerados ou congelados;Fabricados em escala industrial não relevante
17.084.00;0204;17. Produtos alimentícios;84.0;Carne de gado bovino, ovino e bufalino e demais produtos comestíveis resultantes da matança desse gado frescos, refrigerados ou congelados;Fabricados em escala industrial não relevante
17.084.00;0206;17. Produtos alimentícios;84.0;Carne de gado bovino, ovino e bufalino e demais produtos comestíveis resultantes da matança desse gado frescos, refrigerados ou congelados;Fabricados em escala industrial não relevante
17.085.00;0204;17. Produtos alimentícios;85.0;Carnes de animais das espécies caprina, frescas, refrigeradas ou congeladas;Fabricados em escala industrial não relevante
17.086.00;0210.99.00;17. Produtos alimentícios;86.0;Carnes e demais produtos comestíveis frescos, resfriados, congelados, salgados ou salmourados resultantes do abate de caprinos;Fabricados em escala industrial não relevante
17.086.00;1502.10.19;17. Produtos alimentícios;86.0;Carnes e demais produtos comestíveis frescos, resfriados, congelados, salgados ou salmourados resultantes do abate de caprinos;Fabricados em escala industrial não relevante
17.086.00;1502.90.00;17. Produtos alimentícios;86.0;Carnes e demais produtos comestíveis frescos, resfriados, congelados, salgados ou salmourados resultantes do abate de caprinos;Fabricados em escala industrial não relevante
17.087.00;0207;17. Produtos alimentícios;87.0;Carnes e demais produtos comestíveis frescos, resfriados, congelados, salgados, em salmoura, simplesmente temperados, secos ou defumados, resultantes do abate de aves, exceto os descritos no CEST 17.087.02;Fabricados em escala industrial não relevante
17.087.00;0209;17. Produtos alimentícios;87.0;Carnes e demais produtos comestíveis frescos, resfriados, congelados, salgados, em salmoura, simplesmente temperados, secos ou defumados, resultantes do abate de aves, exceto os descritos no CEST 17.087.02;Fabricados em escala industrial não relevante
17.087.00;1501;17. Produtos alimentícios;87.0;Carnes e demais produtos comestíveis frescos, resfriados, congelados, salgados, em salmoura, simplesmente temperados, secos ou defumados, resultantes do abate de aves, exceto os descritos no CEST 17.087.02;Fabricados em escala industrial não relevante
17.087.00;0210.99.00;17. Produtos alimentícios;87.0;Carnes e demais produtos comestíveis frescos, resfriados, congelados, salgados, em salmoura, simplesmente temperados, secos ou defumados, resultantes do abate de aves, exceto os descritos no CEST 17.087.02;Fabricados em escala industrial não relevante
17.087.01;0203;17. Produtos alimentícios;87.1;Carnes e demais produtos comestíveis frescos, resfriados, congelados, salgados, em salmoura, simplesmente temperados, secos ou defumados, resultantes do abate de suínos;Fabricados em escala industrial não relevante
17.087.01;0206;17. Produtos alimentícios;87.1;Carnes e demais produtos comestíveis frescos, resfriados, congelados, salgados, em salmoura, simplesmente temperados, secos ou defumados, resultantes do abate de suínos;Fabricados em escala industrial não relevante
17.087.01;0209;17. Produtos alimentícios;87.1;Carnes e demais produtos comestíveis frescos, resfriados, congelados, salgados, em salmoura, simplesmente temperados, secos ou defumados, resultantes do abate de suínos;Fabricados em escala industrial não relevante
17.087.01;1501;17. Produtos alimentícios;87.1;Carnes e demais produtos comestíveis frescos, resfriados, congelados, salgados, em salmoura, simplesmente temperados, secos ou defumados, resultantes do abate de suínos;Fabricados em escala industrial não relevante
17.087.01;0210.1;17. Produtos alimentícios;87.1;Carnes e demais produtos comestíveis frescos, resfriados, congelados, salgados, em salmoura, simplesmente temperados, secos ou defumados, resultantes do abate de suínos;Fabricados em escala industrial não relevante
17.087.01;0210.99.00;17. Produtos alimentícios;87.1;Carnes e demais produtos comestíveis frescos, resfriados, congelados, salgados, em salmoura, simplesmente temperados, secos ou defumados, resultantes do abate de suínos;Fabricados em escala industrial não relevante
17.087.02;0207.1;17. Produtos alimentícios;87.2;Carnes de aves inteiras e com peso unitário superior a 3 kg, temperadas;Fabricados em escala industrial não relevante
17.087.02;0207.2;17. Produtos alimentícios;87.2;Carnes de aves inteiras e com peso unitário superior a 3 kg, temperadas;Fabricados em escala industrial não relevante
17.088.00;0710;17. Produtos alimentícios;88.0;Produtos hortícolas, cozidos em água ou vapor, congelados, em embalagens de conteúdo inferior ou igual a 1 kg;Fabricados em escala industrial não relevante
17.088.01;0710;17. Produtos alimentícios;88.1;Produtos hortícolas, cozidos em água ou vapor, congelados, em embalagens de conteúdo superior a 1 kg;Fabricados em escala industrial não relevante
17.089.00;0811;17. Produtos alimentícios;89.0;Frutas, não cozidas ou cozidas em água ou vapor, congeladas, mesmo adicionadas de açúcar ou de outros edulcorantes, em embalagens de conteúdo inferior ou igual a 1 kg;Fabricados em escala industrial não relevante
17.089.01;0811;17. Produtos alimentícios;89.1;Frutas, não cozidas ou cozidas em água ou vapor, congeladas, mesmo adicionadas de açúcar ou de outros edulcorantes, em embalagens de conteúdo superior a 1 kg;Fabricados em escala industrial não relevante
17.090.00;2001;17. Produtos alimentícios;90.0;Produtos hortícolas, frutas e outras partes comestíveis de plantas, preparados ou conservados em vinagre ou em ácido acético, em embalagens de conteúdo inferior ou igual a 1 kg;Fabricados em escala industrial não relevante
17.090.01;2001;17. Produtos alimentícios;90.1;Produtos hortícolas, frutas e outras partes comestíveis de plantas, preparados ou conservados em vinagre ou em ácido acético, em embalagens de conteúdo superior a 1 kg;Fabricados em escala industrial não relevante
17.091.00;2004;17. Produtos alimentícios;91.0;Outros produtos hortícolas preparados ou conservados, exceto em vinagre ou em ácido acético, congelados, com exceção dos produtos da posição 20.06, em embalagens de conteúdo inferior ou igual a 1 kg;Fabricados em escala industrial não relevante
17.091.01;2004;17. Produtos alimentícios;91.1;Outros produtos hortícolas preparados ou conservados, exceto em vinagre ou em ácido acético, congelados, com exceção dos produtos da posição 20.06, em embalagens de conteúdo superior a 1 kg;Fabricados em escala industrial não relevante
17.092.00;2005;17. Produtos alimentícios;92.0;Outros produtos hortícolas preparados ou conservados, exceto em vinagre ou em ácido acético, não congelados, com exceção dos produtos da posição 20.06, excluídos batata, inhame e mandioca fritos, em embalagens de conteúdo inferior ou igual a 1 kg;Fabricados em escala industrial não relevante
17.092.01;2005;17. Produtos alimentícios;92.1;Outros produtos hortícolas preparados ou conservados, exceto em vinagre ou em ácido acético, não congelados, com exceção dos produtos da posição 20.06, excluídos batata, inhame e mandioca fritos, em embalagens de conteúdo superior a 1 kg;Fabricados em escala industrial não relevante
17.093.00;2006.00.00;17. Produtos alimentícios;93.0;Produtos hortícolas, frutas, cascas de frutas e outras partes de plantas, conservados com açúcar (passados por calda, glaceados ou cristalizados), em embalagens de conteúdo inferior ou igual a 1 kg;Fabricados em escala industrial não relevante
17.093.01;2006.00.00;17. Produtos alimentícios;93.1;Produtos hortícolas, frutas, cascas de frutas e outras partes de plantas, conservados com açúcar (passados por calda, glaceados ou cristalizados), em embalagens de conteúdo superior a 1 kg;Fabricados em escala industrial não relevante
17.094.00;2007;17. Produtos alimentícios;94.0;Doces, geleias, “marmelades”, purês e pastas de frutas, obtidos por cozimento, com ou sem adição de açúcar ou de outros edulcorantes, em embalagens de conteúdo inferior ou igual a 1 kg, exceto as embalagens individuais de conteúdo inferior ou igual a 10 g;Fabricados em escala industrial não relevante
17.094.01;2007;17. Produtos alimentícios;94.1;Doces, geleias, “marmelades”, purês e pastas de frutas, obtidos por cozimento, com ou sem adição de açúcar ou de outros edulcorantes, em embalagens de conteúdo superior a 1 kg;Fabricados em escala industrial não relevante
17.095.00;2008;17. Produtos alimentícios;95.0;Frutas e outras partes comestíveis de plantas, preparadas ou conservadas de outro modo, com ou sem adição de açúcar ou de outros edulcorantes ou de álcool, não especificadas nem compreendidas em outras posições, excluídos os amendoins e castanhas tipo aperitivo, da posição 2008.1, em embalagens de conteúdo inferior ou igual a 1 kg;Fabricados em escala industrial não relevante
17.095.01;2008;17. Produtos alimentícios;95.1;Frutas e outras partes comestíveis de plantas, preparadas ou conservadas de outro modo, com ou sem adição de açúcar ou de outros edulcorantes ou de álcool, não especificadas nem compreendidas em outras posições, excluídos os amendoins e castanhas tipo aperitivo, da posição 2008.1, em embalagens superior a 1 kg;Fabricados em escala industrial não relevante
17.096.00;0901;17. Produtos alimentícios;96.0;Café torrado e moído, em embalagens de conteúdo inferior ou igual a 2 kg, exceto os classificados nos CEST 17.096.04 e 17.096.05;
17.096.01;0901;17. Produtos alimentícios;96.1;Café torrado e moído, em embalagens de conteúdo superior a 2 kg;
17.096.02;0901;17. Produtos alimentícios;96.2;Café torrado em grão, em embalagens de conteúdo inferior ou igual a 2 kg;
17.096.03;0901;17. Produtos alimentícios;96.3;Café torrado em grão, em embalagens de conteúdo superior a 2 kg;
17.096.04;0901;17. Produtos alimentícios;96.4;Café torrado e moído, em cápsulas, exceto os descritos no CEST 17.096.05;
17.096.05;0901;17. Produtos alimentícios;96.5;Café descafeinado torrado e moído, em cápsulas;
17.097.00;0902;17. Produtos alimentícios;97.0;Chá, mesmo aromatizado;Fabricados em escala industrial não relevante
17.097.00;1211.90.90;17. Produtos alimentícios;97.0;Chá, mesmo aromatizado;Fabricados em escala industrial não relevante
17.097.00;2106.90.90;17. Produtos alimentícios;97.0;Chá, mesmo aromatizado;Fabricados em escala industrial não relevante
17.098.00;0903.00;17. Produtos alimentícios;98.0;Mate;
17.099.00;1701.1;17. Produtos alimentícios;99.0;Açúcar refinado, em embalagens de conteúdo inferior ou igual a 2 kg, exceto as embalagens contendo envelopes individualizados (sachês) de conteúdo inferior ou igual a 10 g;
17.099.00;1701.99.00;17. Produtos alimentícios;99.0;Açúcar refinado, em embalagens de conteúdo inferior ou igual a 2 kg, exceto as embalagens contendo envelopes individualizados (sachês) de conteúdo inferior ou igual a 10 g;
17.099.01;1701.1;17. Produtos alimentícios;99.1;Açúcar refinado, em embalagens de conteúdo superior a 2 kg e inferior ou igual a 5 kg;
17.099.01;1701.99.00;17. Produtos alimentícios;99.1;Açúcar refinado, em embalagens de conteúdo superior a 2 kg e inferior ou igual a 5 kg;
17.099.02;1701.1;17. Produtos alimentícios;99.2;Açúcar refinado, em embalagens de conteúdo superior a 5 kg;
17.099.02;1701.99.00;17. Produtos alimentícios;99.2;Açúcar refinado, em embalagens de conteúdo superior a 5 kg;
17.100.00;1701.91.00;17. Produtos alimentícios;100.0;Açúcar refinado adicionado de aromatizante ou de corante em embalagens de conteúdo inferior ou igual a 2 kg, exceto as embalagens contendo envelopes individualizados (sachês) de conteúdo inferior ou igual a 10 g;
17.100.01;1701.91.00;17. Produtos alimentícios;100.1;Açúcar refinado adicionado de aromatizante ou de corante em embalagens de conteúdo superior a 2 kg e inferior ou igual a 5 kg;
17.100.02;1701.91.00;17. Produtos alimentícios;100.2;Açúcar refinado adicionado de aromatizante ou de corante em embalagens de conteúdo superior a 5 kg;
17.101.00;1701.1;17. Produtos alimentícios;101.0;Açúcar cristal, em embalagens de conteúdo inferior ou igual a 2 kg, exceto as embalagens contendo envelopes individualizados (sachês) de conteúdo inferior ou igual a 10 g;
17.101.00;1701.99.00;17. Produtos alimentícios;101.0;Açúcar cristal, em embalagens de conteúdo inferior ou igual a 2 kg, exceto as embalagens contendo envelopes individualizados (sachês) de conteúdo inferior ou igual a 10 g;
17.101.01;1701.1;17. Produtos alimentícios;101.1;Açúcar cristal, em embalagens de conteúdo superior a 2 kg e inferior ou igual a 5 kg;
17.101.01;1701.99.00;17. Produtos alimentícios;101.1;Açúcar cristal, em embalagens de conteúdo superior a 2 kg e inferior ou igual a 5 kg;
17.101.02;1701.1;17. Produtos alimentícios;101.2;Açúcar cristal, em embalagens de conteúdo superior a 5 kg;
17.101.02;1701.99.00;17. Produtos alimentícios;101.2;Açúcar cristal, em embalagens de conteúdo superior a 5 kg;
17.102.00;1701.91.00;17. Produtos alimentícios;102.0;Açúcar cristal adicionado de aromatizante ou de corante, em embalagens de conteúdo inferior ou igual a 2 kg, exceto as embalagens contendo envelopes individualizados (sachês) de conteúdo inferior ou igual a 10 g;
17.102.01;1701.91.00;17. Produtos alimentícios;102.1;Açúcar cristal adicionado de aromatizante ou de corante, em embalagens de conteúdo superior a 2 kg e inferior ou igual a 5 kg;
17.102.02;1701.91;17. Produtos alimentícios;102.2;Açúcar cristal adicionado de aromatizante ou de corante, em embalagens de conteúdo superior a 5 kg;
17.103.00;1701.1;17. Produtos alimentícios;103.0;Outros tipos de açúcar, em embalagens de conteúdo inferior ou igual a 2 kg, exceto as embalagens contendo envelopes individualizados (sachês) de conteúdo inferior ou igual a 10 g;
17.103.00;1701.99.00;17. Produtos alimentícios;103.0;Outros tipos de açúcar, em embalagens de conteúdo inferior ou igual a 2 kg, exceto as embalagens contendo envelopes individualizados (sachês) de conteúdo inferior ou igual a 10 g;
17.103.01;1701.1;17. Produtos alimentícios;103.1;Outros tipos de açúcar, em embalagens de conteúdo superior a 2 kg e inferior ou igual a 5 kg;
17.103.01;1701.99.00;17. Produtos alimentícios;103.1;Outros tipos de açúcar, em embalagens de conteúdo superior a 2 kg e inferior ou igual a 5 kg;
17.103.02;1701.1;17. Produtos alimentícios;103.2;Outros tipos de açúcar, em embalagens de conteúdo superior a 5 kg;
17.103.02;1701.99.00;17. Produtos alimentícios;103.2;Outros tipos de açúcar, em embalagens de conteúdo superior a 5 kg;
17.104.00;1701.91.00;17. Produtos alimentícios;104.0;Outros tipos de açúcar adicionado de aromatizante ou de corante, em embalagens de conteúdo inferior ou igual a 2 kg, exceto as embalagens contendo envelopes individualizados (sachês) de conteúdo inferior ou igual a 10 g;
17.104.01;1701.91.00;17. Produtos alimentícios;104.1;Outros tipos de açúcar adicionado de aromatizante ou de corante, em embalagens de conteúdo superior a 2 kg e inferior ou igual a 5 kg;
17.104.02;1701.91.00;17. Produtos alimentícios;104.2;Outros tipos de açúcar adicionado de aromatizante ou de corante, em embalagens de conteúdo superior a 5 kg;
17.105.00;1702;17. Produtos alimentícios;105.0;Outros açúcares em embalagens de conteúdo inferior ou igual a 2 kg, exceto as embalagens contendo envelopes individualizados (sachês) de conteúdo inferior ou igual a 10 g;
17.105.01;1702;17. Produtos alimentícios;105.1;Outros açúcares, em embalagens de conteúdo superior a 2 kg e inferior ou igual a 5 kg;
17.105.02;1702;17. Produtos alimentícios;105.2;Outros açúcares, em embalagens de conteúdo superior a 5 kg;
17.106.00;2008.19.00;17. Produtos alimentícios;106.0;Milho para pipoca (micro-ondas);Fabricados em escala industrial não relevante
17.107.00;2101.1;17. Produtos alimentícios;107.0;Extratos, essências e concentrados de café e preparações à base destes extratos, essências ou concentrados ou à base de café, em embalagens de conteúdo inferior ou igual a 500 g, exceto os classificados no CEST 17.107.01;
17.107.01;2101.1;17. Produtos alimentícios;107.1;Extratos, essências e concentrados de café e preparações à base destes extratos, essências ou concentrados ou à base de café, em cápsulas;
17.108.00;2101.20;17. Produtos alimentícios;108.0;Extratos, essências e concentrados de chá ou de mate e preparações à base destes extratos, essências ou concentrados ou à base de chá ou de mate, em embalagens de conteúdo inferior ou igual a 500 g, exceto as bebidas prontas à base de mate ou chá e os itens classificados no CEST 17.108.01;
17.108.01;2101.20;17. Produtos alimentícios;108.1;Extratos, essências e concentrados de chá ou de mate e preparações à base destes extratos, essências ou concentrados ou à base de chá ou de mate, em cápsulas;
17.109.00;1901.90.90;17. Produtos alimentícios;109.0;Preparações em pó para cappuccino e similares, em embalagens de conteúdo inferior ou igual a 500 g;
17.109.00;2101.11.90;17. Produtos alimentícios;109.0;Preparações em pó para cappuccino e similares, em embalagens de conteúdo inferior ou igual a 500 g;
17.109.00;2101.12.00;17. Produtos alimentícios;109.0;Preparações em pó para cappuccino e similares, em embalagens de conteúdo inferior ou igual a 500 g;
17.110.00;2202.10.00;17. Produtos alimentícios;110.0;Refrescos e outras bebidas prontas para beber, à base de chá e mate;Fabricados em escala industrial não relevante
17.111.00;2202.10.00;17. Produtos alimentícios;111.0;Refrescos e outras bebidas não alcoólicas, exceto os refrigerantes e as demais bebidas nos CEST 03.007.00 e 17.110.00;Fabricados em escala industrial não relevante
17.112.00;2202.99.00;17. Produtos alimentícios;112.0;Néctares de frutas e outras bebidas não alcoólicas prontas para beber, exceto isotônicos e energéticos;Fabricados em escala industrial não relevante
17.113.00;2101.20;17. Produtos alimentícios;113.0;Bebidas prontas à base de mate ou chá;Fabricados em escala industrial não relevante
17.113.00;2202.99.00;17. Produtos alimentícios;113.0;Bebidas prontas à base de mate ou chá;Fabricados em escala industrial não relevante
17.114.00;2202.99.00;17. Produtos alimentícios;114.0;Bebidas prontas à base de café;Fabricados em escala industrial não relevante
17.115.00;2202.99.00;17. Produtos alimentícios;115.0;Bebidas alimentares prontas à base de soja, leite ou cacau, inclusive os produtos denominados bebidas lácteas;Fabricados em escala industrial não relevante
19.001.00;3213.10.00;19. Produtos de papelaria;1.0;Tinta guache;
19.002.00;3916.20.00;19. Produtos de papelaria;2.0;Espiral - perfil para encadernação, de plástico e outros materiais classificados nas posições 3901 a 3914;
19.003.00;3916.10.00;19. Produtos de papelaria;3.0;Outros espirais - perfil para encadernação, de plástico e outros materiais classificados nas posições 3901 a 3914;
19.003.00;3916.90;19. Produtos de papelaria;3.0;Outros espirais - perfil para encadernação, de plástico e outros materiais classificados nas posições 3901 a 3914;
19.004.00;3926.10.00;19. Produtos de papelaria;4.0;Artigos de escritório e artigos escolares de plástico e outros materiais classificados nas posições 3901 a 3914, exceto estojos;
19.005.00;4202.1;19. Produtos de papelaria;5.0;Maletas e pastas para documentos e de estudante, e artefatos semelhantes;
19.005.00;4202.9;19. Produtos de papelaria;5.0;Maletas e pastas para documentos e de estudante, e artefatos semelhantes;
19.005.01;4202.1;19. Produtos de papelaria;5.1;Baús, malas e maletas para viagem;
19.005.01;4202.9;19. Produtos de papelaria;5.1;Baús, malas e maletas para viagem;
19.006.00;3926.90.90;19. Produtos de papelaria;6.0;Prancheta de plástico;
19.007.00;4802.20.90;19. Produtos de papelaria;7.0;Bobina para fax;
19.007.00;4811.90.90;19. Produtos de papelaria;7.0;Bobina para fax;
19.008.00;4802.54.9;19. Produtos de papelaria;8.0;Papel seda;
19.009.00;4802.54.99;19. Produtos de papelaria;9.0;Bobina para máquina de calcular, PDV ou equipamentos similares;
19.009.00;4802.57.99;19. Produtos de papelaria;9.0;Bobina para máquina de calcular, PDV ou equipamentos similares;
19.009.00;4816.20.00;19. Produtos de papelaria;9.0;Bobina para máquina de calcular, PDV ou equipamentos similares;
19.010.00;4802.56.9;19. Produtos de papelaria;10.0;"Cartolina escolar e papel cartão, brancos e coloridos, cortados em folhas em que um lado seja inferior ou igual a 500 mm e o outro inferior ou igual a 700 mm, quando não dobradas, e peso igual ou superior a 120g/m²; recados autoadesivos (LP note); papéis de presente; todos cortados em tamanho pronto para uso escolar e doméstico";
19.010.00;4802.57.9;19. Produtos de papelaria;10.0;"Cartolina escolar e papel cartão, brancos e coloridos, cortados em folhas em que um lado seja inferior ou igual a 500 mm e o outro inferior ou igual a 700 mm, quando não dobradas, e peso igual ou superior a 120g/m²; recados autoadesivos (LP note); papéis de presente; todos cortados em tamanho pronto para uso escolar e doméstico";
19.010.00;4802.58.9;19. Produtos de papelaria;10.0;"Cartolina escolar e papel cartão, brancos e coloridos, cortados em folhas em que um lado seja inferior ou igual a 500 mm e o outro inferior ou igual a 700 mm, quando não dobradas, e peso igual ou superior a 120g/m²; recados autoadesivos (LP note); papéis de presente; todos cortados em tamanho pronto para uso escolar e doméstico";
19.011.00;3703.10.10;19. Produtos de papelaria;11.0;Papel fotográfico, exceto: (i) os papéis fotográficos emulsionados com haleto de prata tipo brilhante, matte ou lustre, em rolo e, com largura igual ou superior a 102 mm e comprimento inferior ou igual a 350 m, (ii) os papéis fotográficos emulsionados com haleto de prata tipo brilhante ou fosco, em folha e com largura igual ou superior a 152 mm e comprimento inferior ou igual a 307 mm, (iii) papel de qualidade fotográfica com tecnologia “Thermo-autochrome”, que submetido a um processo de aquecimento seja capaz de formar imagens por reação química e combinação das camadas cyan, magenta e amarela;
19.011.00;3703.10.29;19. Produtos de papelaria;11.0;Papel fotográfico, exceto: (i) os papéis fotográficos emulsionados com haleto de prata tipo brilhante, matte ou lustre, em rolo e, com largura igual ou superior a 102 mm e comprimento inferior ou igual a 350 m, (ii) os papéis fotográficos emulsionados com haleto de prata tipo brilhante ou fosco, em folha e com largura igual ou superior a 152 mm e comprimento inferior ou igual a 307 mm, (iii) papel de qualidade fotográfica com tecnologia “Thermo-autochrome”, que submetido a um processo de aquecimento seja capaz de formar imagens por reação química e combinação das camadas cyan, magenta e amarela;
19.011.00;3703.20.00;19. Produtos de papelaria;11.0;Papel fotográfico, exceto: (i) os papéis fotográficos emulsionados com haleto de prata tipo brilhante, matte ou lustre, em rolo e, com largura igual ou superior a 102 mm e comprimento inferior ou igual a 350 m, (ii) os papéis fotográficos emulsionados com haleto de prata tipo brilhante ou fosco, em folha e com largura igual ou superior a 152 mm e comprimento inferior ou igual a 307 mm, (iii) papel de qualidade fotográfica com tecnologia “Thermo-autochrome”, que submetido a um processo de aquecimento seja capaz de formar imagens por reação química e combinação das camadas cyan, magenta e amarela;
19.011.00;3703.90.10;19. Produtos de papelaria;11.0;Papel fotográfico, exceto: (i) os papéis fotográficos emulsionados com haleto de prata tipo brilhante, matte ou lustre, em rolo e, com largura igual ou superior a 102 mm e comprimento inferior ou igual a 350 m, (ii) os papéis fotográficos emulsionados com haleto de prata tipo brilhante ou fosco, em folha e com largura igual ou superior a 152 mm e comprimento inferior ou igual a 307 mm, (iii) papel de qualidade fotográfica com tecnologia “Thermo-autochrome”, que submetido a um processo de aquecimento seja capaz de formar imagens por reação química e combinação das camadas cyan, magenta e amarela;
19.011.00;3704.00.00;19. Produtos de papelaria;11.0;Papel fotográfico, exceto: (i) os papéis fotográficos emulsionados com haleto de prata tipo brilhante, matte ou lustre, em rolo e, com largura igual ou superior a 102 mm e comprimento inferior ou igual a 350 m, (ii) os papéis fotográficos emulsionados com haleto de prata tipo brilhante ou fosco, em folha e com largura igual ou superior a 152 mm e comprimento inferior ou igual a 307 mm, (iii) papel de qualidade fotográfica com tecnologia “Thermo-autochrome”, que submetido a um processo de aquecimento seja capaz de formar imagens por reação química e combinação das camadas cyan, magenta e amarela;
19.011.00;4802.20.00;19. Produtos de papelaria;11.0;Papel fotográfico, exceto: (i) os papéis fotográficos emulsionados com haleto de prata tipo brilhante, matte ou lustre, em rolo e, com largura igual ou superior a 102 mm e comprimento inferior ou igual a 350 m, (ii) os papéis fotográficos emulsionados com haleto de prata tipo brilhante ou fosco, em folha e com largura igual ou superior a 152 mm e comprimento inferior ou igual a 307 mm, (iii) papel de qualidade fotográfica com tecnologia “Thermo-autochrome”, que submetido a um processo de aquecimento seja capaz de formar imagens por reação química e combinação das camadas cyan, magenta e amarela;
19.012.00;4810.13.90;19. Produtos de papelaria;12.0;Papel almaço;
19.013.00;4816.90.10;19. Produtos de papelaria;13.0;Papel hectográfico;
19.014.00;3920.20.19;19. Produtos de papelaria;14.0;Papel celofane e tipo celofane;
19.015.00;4806.20.00;19. Produtos de papelaria;15.0;Papel impermeável;
19.016.00;4808.10.00;19. Produtos de papelaria;16.0;Papel crepon;
19.017.00;4810.22.90;19. Produtos de papelaria;17.0;Papel fantasia;
19.018.00;4809;19. Produtos de papelaria;18.0;Papel-carbono, papel autocopiativo (exceto os vendidos em rolos de diâmetro igual ou superior a 60 cm e os vendidos em folhas de formato igual ou superior a 60 cm de altura e igual ou superior a 90 cm de largura) e outros papéis para cópia ou duplicação (incluídos os papéis para estênceis ou para chapas ofsete), estênceis completos e chapas ofsete, de papel, em folhas, mesmo acondicionados em caixas;
19.018.00;4816;19. Produtos de papelaria;18.0;Papel-carbono, papel autocopiativo (exceto os vendidos em rolos de diâmetro igual ou superior a 60 cm e os vendidos em folhas de formato igual ou superior a 60 cm de altura e igual ou superior a 90 cm de largura) e outros papéis para cópia ou duplicação (incluídos os papéis para estênceis ou para chapas ofsete), estênceis completos e chapas ofsete, de papel, em folhas, mesmo acondicionados em caixas;
19.019.00;4817;19. Produtos de papelaria;19.0;Envelopes, aerogramas, bilhetes-postais não ilustrados e cartões para correspondência, de papel ou cartão, caixas, sacos e semelhantes, de papel ou cartão, contendo um sortido de artigos para correspondência;
19.020.00;4820.10.00;19. Produtos de papelaria;20.0;Livros de registro e de contabilidade, blocos de notas, de encomendas, de recibos, de apontamentos, de papel para cartas, agendas e artigos semelhantes;
19.021.00;4820.20.00;19. Produtos de papelaria;21.0;Cadernos;
19.022.00;4820.30.00;19. Produtos de papelaria;22.0;Classificadores, capas para encadernação (exceto as capas para livros) e capas de processos;
19.023.00;4820.40.00;19. Produtos de papelaria;23.0;Formulários em blocos tipo “manifold”, mesmo com folhas intercaladas de papel-carbono;
19.024.00;4820.50.00;19. Produtos de papelaria;24.0;Álbuns para amostras ou para coleções;
19.025.00;4820.90.00;19. Produtos de papelaria;25.0;Pastas para documentos, outros artigos escolares, de escritório ou de papelaria, de papel ou cartão e capas para livros, de papel ou cartão;
19.026.00;4909.00.00;19. Produtos de papelaria;26.0;Cartões postais impressos ou ilustrados, cartões impressos com votos ou mensagens pessoais, mesmo ilustrados, com ou sem envelopes, guarnições ou aplicações (conhecidos como cartões de expressão social - de época/sentimento);
19.027.00;9608.10.00;19. Produtos de papelaria;27.0;Canetas esferográficas;
19.028.00;9608.20.00;19. Produtos de papelaria;28.0;Canetas e marcadores, com ponta de feltro ou com outras pontas porosas;
19.029.00;9608.30.00;19. Produtos de papelaria;29.0;Canetas tinteiro;
19.030.00;9608;19. Produtos de papelaria;30.0;"Outras canetas; sortidos de canetas";
19.031.00;4802.56;19. Produtos de papelaria;31.0;Papel cortado “cutsize” (tipo A3, A4, ofício I e II, carta e outros);
19.032.00;5210.59.90;19. Produtos de papelaria;32.0;Papel camurça;
19.033.00;7607.11.90;19. Produtos de papelaria;33.0;Papel laminado e papel espelho;
20.001.00;1211.90.90;20. Produtos de perfumaria e de higiene pessoal e cosméticos;1.0;Henna (embalagens de conteúdo inferior ou igual a 200 g);
20.001.01;1211.90.90;20. Produtos de perfumaria e de higiene pessoal e cosméticos;1.1;Henna (embalagens de conteúdo superior a 200 g);
20.002.00;2712.10.00;20. Produtos de perfumaria e de higiene pessoal e cosméticos;2.0;Vaselina;
20.003.00;2814.20.00;20. Produtos de perfumaria e de higiene pessoal e cosméticos;3.0;Amoníaco em solução aquosa (amônia);
20.004.00;2847.00.00;20. Produtos de perfumaria e de higiene pessoal e cosméticos;4.0;Peróxido de hidrogênio, em embalagens de conteúdo inferior ou igual a 500 ml;
20.005.00;3006.70.00;20. Produtos de perfumaria e de higiene pessoal e cosméticos;5.0;Lubrificação íntima;
20.006.00;3301;20. Produtos de perfumaria e de higiene pessoal e cosméticos;6.0;"Óleos essenciais (desterpenados ou não), incluídos os chamados “concretos” ou “absolutos”; resinoides; oleorresinas de extração; soluções concentradas de óleos essenciais em gorduras, em óleos fixos, em ceras ou em matérias análogas, obtidas por tratamento de flores através de substâncias gordas ou por maceração; subprodutos terpênicos residuais da desterpenação dos óleos essenciais; águas destiladas aromáticas e soluções aquosas de óleos essenciais, em embalagens de conteúdo inferior ou igual a 500 ml";
20.007.00;3303.00.10;20. Produtos de perfumaria e de higiene pessoal e cosméticos;7.0;Perfumes (extratos);
20.008.00;3303.00.20;20. Produtos de perfumaria e de higiene pessoal e cosméticos;8.0;Águas-de-colônia;
20.009.00;3304.10.00;20. Produtos de perfumaria e de higiene pessoal e cosméticos;9.0;Produtos de maquilagem para os lábios;
20.010.00;3304.20.10;20. Produtos de perfumaria e de higiene pessoal e cosméticos;10.0;Sombra, delineador, lápis para sobrancelhas e rímel;
20.011.00;3304.20.90;20. Produtos de perfumaria e de higiene pessoal e cosméticos;11.0;Outros produtos de maquilagem para os olhos;
20.012.00;3304.30.00;20. Produtos de perfumaria e de higiene pessoal e cosméticos;12.0;Preparações para manicuros e pedicuros, incluindo removedores de esmalte à base de acetona;
20.013.00;3304.91.00;20. Produtos de perfumaria e de higiene pessoal e cosméticos;13.0;Pós, incluídos os compactos;
20.014.00;3304.99.10;20. Produtos de perfumaria e de higiene pessoal e cosméticos;14.0;Cremes de beleza, cremes nutritivos e loções tônicas;
20.015.00;3304.99.90;20. Produtos de perfumaria e de higiene pessoal e cosméticos;15.0;Outros produtos de beleza ou de maquilagem preparados e preparações para conservação ou cuidados da pele, exceto as preparações solares e antissolares;
20.016.00;3304.99.90;20. Produtos de perfumaria e de higiene pessoal e cosméticos;16.0;Preparações solares e antissolares;
20.017.00;3305.10.00;20. Produtos de perfumaria e de higiene pessoal e cosméticos;17.0;Xampus para o cabelo;
20.018.00;3305.20.00;20. Produtos de perfumaria e de higiene pessoal e cosméticos;18.0;Preparações para ondulação ou alisamento, permanentes, dos cabelos;
20.019.00;3305.30.00;20. Produtos de perfumaria e de higiene pessoal e cosméticos;19.0;Laquês para o cabelo;
20.020.00;3305.90.00;20. Produtos de perfumaria e de higiene pessoal e cosméticos;20.0;Outras preparações capilares, incluindo máscaras e finalizadores;
20.021.00;3305.90.00;20. Produtos de perfumaria e de higiene pessoal e cosméticos;21.0;Condicionadores;
20.022.00;3305.90.00;20. Produtos de perfumaria e de higiene pessoal e cosméticos;22.0;Tintura para o cabelo;
20.023.00;3306.10.00;20. Produtos de perfumaria e de higiene pessoal e cosméticos;23.0;Dentifrícios;
20.024.00;3306.20.00;20. Produtos de perfumaria e de higiene pessoal e cosméticos;24.0;Fios utilizados para limpar os espaços interdentais (fios dentais);
20.025.00;3306.90.00;20. Produtos de perfumaria e de higiene pessoal e cosméticos;25.0;Outras preparações para higiene bucal ou dentária;
20.026.00;3307.10.00;20. Produtos de perfumaria e de higiene pessoal e cosméticos;26.0;Preparações para barbear (antes, durante ou após);
20.027.00;3307.20.10;20. Produtos de perfumaria e de higiene pessoal e cosméticos;27.0;Desodorantes (desodorizantes) corporais líquidos, exceto os classificados no CEST 20.027.01;
20.027.01;3307.20.10;20. Produtos de perfumaria e de higiene pessoal e cosméticos;27.1;Loções e óleos desodorantes hidratantes líquidos;
20.028.00;3307.20.10;20. Produtos de perfumaria e de higiene pessoal e cosméticos;28.0;Antiperspirantes líquidos;
20.029.00;3307.20.90;20. Produtos de perfumaria e de higiene pessoal e cosméticos;29.0;Outros desodorantes (desodorizantes) corporais, exceto os classificados no CEST 20.029.01;
20.029.01;3307.20.90;20. Produtos de perfumaria e de higiene pessoal e cosméticos;29.1;Outras loções e óleos desodorantes hidratantes;
20.030.00;3307.20.90;20. Produtos de perfumaria e de higiene pessoal e cosméticos;30.0;Outros antiperspirantes;
20.031.00;3307.30.00;20. Produtos de perfumaria e de higiene pessoal e cosméticos;31.0;Sais perfumados e outras preparações para banhos;
20.032.00;3307.90.00;20. Produtos de perfumaria e de higiene pessoal e cosméticos;32.0;Outros produtos de perfumaria preparados;
20.032.01;3307.90.00;20. Produtos de perfumaria e de higiene pessoal e cosméticos;32.1;Outros produtos de toucador preparados;
20.033.00;3307.90.00;20. Produtos de perfumaria e de higiene pessoal e cosméticos;33.0;Soluções para lentes de contato ou para olhos artificiais;
20.034.00;3401.11.90;20. Produtos de perfumaria e de higiene pessoal e cosméticos;34.0;Sabões de toucador em barras, pedaços ou figuras moldados, exceto CEST 20.034.01;
20.034.01;3401.11.90;20. Produtos de perfumaria e de higiene pessoal e cosméticos;34.1;Lenços umedecidos;
20.035.00;3401.19.00;20. Produtos de perfumaria e de higiene pessoal e cosméticos;35.0;Outros sabões, produtos e preparações, em barras, pedaços ou figuras moldados;
20.035.01;3401.19.00;20. Produtos de perfumaria e de higiene pessoal e cosméticos;35.1;Lenços umedecidos;
20.036.00;3401.20.10;20. Produtos de perfumaria e de higiene pessoal e cosméticos;36.0;Sabões de toucador sob outras formas;
20.037.00;3401.30.00;20. Produtos de perfumaria e de higiene pessoal e cosméticos;37.0;Produtos e preparações orgânicos tensoativos para lavagem da pele, na forma de líquido ou de creme, acondicionados para venda a retalho, mesmo contendo sabão;
20.038.00;4014.90.10;20. Produtos de perfumaria e de higiene pessoal e cosméticos;38.0;Bolsa para gelo ou para água quente;
20.039.00;4014.90.90;20. Produtos de perfumaria e de higiene pessoal e cosméticos;39.0;Chupetas e bicos para mamadeiras e para chupetas, de borracha;
20.040.00;3924.90.00;20. Produtos de perfumaria e de higiene pessoal e cosméticos;40.0;Chupetas e bicos para mamadeiras e para chupetas, de silicone;
20.040.00;3926.90.40;20. Produtos de perfumaria e de higiene pessoal e cosméticos;40.0;Chupetas e bicos para mamadeiras e para chupetas, de silicone;
20.040.00;3926.90.90;20. Produtos de perfumaria e de higiene pessoal e cosméticos;40.0;Chupetas e bicos para mamadeiras e para chupetas, de silicone;
20.041.00;4202.1;20. Produtos de perfumaria e de higiene pessoal e cosméticos;41.0;Malas e maletas de toucador;
20.042.00;4818.10.00;20. Produtos de perfumaria e de higiene pessoal e cosméticos;42.0;Papel higiênico - folha simples;
20.043.00;4818.10.00;20. Produtos de perfumaria e de higiene pessoal e cosméticos;43.0;Papel higiênico - folha dupla e tripla;
20.044.00;4818.20.00;20. Produtos de perfumaria e de higiene pessoal e cosméticos;44.0;Lenços (incluídos os de maquilagem) e toalhas de mão;
20.045.00;4818.20.00;20. Produtos de perfumaria e de higiene pessoal e cosméticos;45.0;Papel toalha de uso institucional do tipo comercializado em rolos igual ou superior a 80 metros e do tipo comercializado em folhas intercaladas;
20.046.00;4818.30.00;20. Produtos de perfumaria e de higiene pessoal e cosméticos;46.0;Toalhas e guardanapos de mesa;
20.047.00;4818.90.90;20. Produtos de perfumaria e de higiene pessoal e cosméticos;47.0;Toalhas de cozinha (papel toalha de uso doméstico);
20.048.00;9619.00.00;20. Produtos de perfumaria e de higiene pessoal e cosméticos;48.0;Fraldas, exceto os descritos no CEST 20.048.01;
20.048.01;9619.00.00;20. Produtos de perfumaria e de higiene pessoal e cosméticos;48.1;Fraldas de fibras têxteis;
20.049.00;9619.00.00;20. Produtos de perfumaria e de higiene pessoal e cosméticos;49.0;Tampões higiênicos;
20.050.00;9619.00.00;20. Produtos de perfumaria e de higiene pessoal e cosméticos;50.0;Absorventes higiênicos externos;
20.051.00;5601.21.90;20. Produtos de perfumaria e de higiene pessoal e cosméticos;51.0;Hastes flexíveis (uso não medicinal);
20.052.00;5603.92.90;20. Produtos de perfumaria e de higiene pessoal e cosméticos;52.0;Sutiã descartável, assemelhados e papel para depilação;
20.053.00;8203.20.90;20. Produtos de perfumaria e de higiene pessoal e cosméticos;53.0;Pinças para sobrancelhas;
20.054.00;8214.10.00;20. Produtos de perfumaria e de higiene pessoal e cosméticos;54.0;Espátulas (artigos de cutelaria);
20.055.00;8214.20.00;20. Produtos de perfumaria e de higiene pessoal e cosméticos;55.0;Utensílios e sortidos de utensílios de manicuros ou de pedicuros (incluídas as limas para unhas);
20.056.00;9025.11.10;20. Produtos de perfumaria e de higiene pessoal e cosméticos;56.0;Termômetros, inclusive o digital;
20.056.00;9025.19.90;20. Produtos de perfumaria e de higiene pessoal e cosméticos;56.0;Termômetros, inclusive o digital;
20.057.00;9603.2;20. Produtos de perfumaria e de higiene pessoal e cosméticos;57.0;Escovas e pincéis de barba, escovas para cabelos, para cílios ou para unhas e outras escovas de toucador de pessoas, incluídas as que sejam partes de aparelhos, exceto escovas de dentes;
20.058.00;9603.21.00;20. Produtos de perfumaria e de higiene pessoal e cosméticos;58.0;Escovas de dentes, incluídas as escovas para dentaduras;
20.059.00;9603.30.00;20. Produtos de perfumaria e de higiene pessoal e cosméticos;59.0;Pincéis para aplicação de produtos cosméticos;
20.060.00;9605.00.00;20. Produtos de perfumaria e de higiene pessoal e cosméticos;60.0;Sortidos de viagem, para toucador de pessoas para costura ou para limpeza de calçado ou de roupas;
20.061.00;9615;20. Produtos de perfumaria e de higiene pessoal e cosméticos;61.0;"Pentes, travessas para cabelo e artigos semelhantes; grampos (alfinetes) para cabelo; pinças (pinceguiches), onduladores, bobes (rolos) e artefatos semelhantes para penteados, e suas partes, exceto os classificados na posição 8516 e suas partes";
20.062.00;9616.20.00;20. Produtos de perfumaria e de higiene pessoal e cosméticos;62.0;Borlas ou esponjas para pós ou para aplicação de outros cosméticos ou de produtos de toucador;
20.063.00;3923.30.00;20. Produtos de perfumaria e de higiene pessoal e cosméticos;63.0;Mamadeiras;
20.063.00;3924.10.00;20. Produtos de perfumaria e de higiene pessoal e cosméticos;63.0;Mamadeiras;
20.063.00;3924.90.00;20. Produtos de perfumaria e de higiene pessoal e cosméticos;63.0;Mamadeiras;
20.063.00;4014.90.90;20. Produtos de perfumaria e de higiene pessoal e cosméticos;63.0;Mamadeiras;
20.063.00;7010.20.00;20. Produtos de perfumaria e de higiene pessoal e cosméticos;63.0;Mamadeiras;
20.064.00;8212.10.20;20. Produtos de perfumaria e de higiene pessoal e cosméticos;64.0;Aparelhos e lâminas de barbear;
20.064.00;8212.20.10;20. Produtos de perfumaria e de higiene pessoal e cosméticos;64.0;Aparelhos e lâminas de barbear;
21.001.00;7321.11.00;21. Produtos eletrônicos, eletroeletrônicos e eletrodomésticos;1.0;Fogões de cozinha de uso doméstico e suas partes;
21.001.00;7321.81.00;21. Produtos eletrônicos, eletroeletrônicos e eletrodomésticos;1.0;Fogões de cozinha de uso doméstico e suas partes;
21.001.00;7321.90.00;21. Produtos eletrônicos, eletroeletrônicos e eletrodomésticos;1.0;Fogões de cozinha de uso doméstico e suas partes;
21.002.00;8418.10.00;21. Produtos eletrônicos, eletroeletrônicos e eletrodomésticos;2.0;Combinações de refrigeradores e congeladores (“freezers”), munidos de portas exteriores separadas;
21.003.00;8418.21.00;21. Produtos eletrônicos, eletroeletrônicos e eletrodomésticos;3.0;Refrigeradores do tipo doméstico, de compressão;
21.004.00;8418.29.00;21. Produtos eletrônicos, eletroeletrônicos e eletrodomésticos;4.0;Outros refrigeradores do tipo doméstico;
21.005.00;8418.30.00;21. Produtos eletrônicos, eletroeletrônicos e eletrodomésticos;5.0;Congeladores (“freezers”) horizontais tipo arca, de capacidade não superior a 800 litros;
21.006.00;8418.40.00;21. Produtos eletrônicos, eletroeletrônicos e eletrodomésticos;6.0;Congeladores (“freezers”) verticais tipo armário, de capacidade não superior a 900 litros;
21.007.00;8418.50;21. Produtos eletrônicos, eletroeletrônicos e eletrodomésticos;7.0;Outros móveis (arcas, armários, vitrines, balcões e móveis semelhantes) para a conservação e exposição de produtos, que incorporem um equipamento para a produção de frio;
21.008.00;8418.69.9;21. Produtos eletrônicos, eletroeletrônicos e eletrodomésticos;8.0;Mini adega e similares;
21.009.00;8418.69.99;21. Produtos eletrônicos, eletroeletrônicos e eletrodomésticos;9.0;Máquinas para produção de gelo;
21.010.00;8418.99.00;21. Produtos eletrônicos, eletroeletrônicos e eletrodomésticos;10.0;Partes dos refrigeradores, congeladores, mini adegas e similares, máquinas para produção de gelo e bebedouros descritos nos CEST 21.002.00, 21.003.00, 21.004.00, 21.005.00, 21.006.00, 21.007.00, 21.008.00, 21.009.00 e 21.013.00;
21.011.00;8421.12;21. Produtos eletrônicos, eletroeletrônicos e eletrodomésticos;11.0;Secadoras de roupa de uso doméstico;
21.012.00;8421.19.90;21. Produtos eletrônicos, eletroeletrônicos e eletrodomésticos;12.0;Outras secadoras de roupas e centrífugas de uso doméstico;
21.013.00;8418.69.31;21. Produtos eletrônicos, eletroeletrônicos e eletrodomésticos;13.0;Bebedouros refrigerados para água;
21.014.00;8421.9;21. Produtos eletrônicos, eletroeletrônicos e eletrodomésticos;14.0;Partes das secadoras de roupas e centrífugas de uso doméstico e dos aparelhos para filtrar ou depurar água, descritos nos CEST 21.011.00 e 21.012.00 e 21.098.00;
21.015.00;8422.11.00;21. Produtos eletrônicos, eletroeletrônicos e eletrodomésticos;15.0;Máquinas de lavar louça do tipo doméstico e suas partes;
21.015.00;8422.90.10;21. Produtos eletrônicos, eletroeletrônicos e eletrodomésticos;15.0;Máquinas de lavar louça do tipo doméstico e suas partes;
21.016.00;8443.31;21. Produtos eletrônicos, eletroeletrônicos e eletrodomésticos;16.0;Máquinas que executem pelo menos duas das seguintes funções: impressão, cópia ou transmissão de telecópia (fax), capazes de ser conectadas a uma máquina automática para processamento de dados ou a uma rede;
21.017.00;8443.32;21. Produtos eletrônicos, eletroeletrônicos e eletrodomésticos;17.0;Outras impressoras, máquinas copiadoras e telecopiadores (fax), mesmo combinados entre si, capazes de ser conectados a uma máquina automática para processamento de dados ou a uma rede;
21.018.00;8443.9;21. Produtos eletrônicos, eletroeletrônicos e eletrodomésticos;18.0;"Partes e acessórios de máquinas e aparelhos de impressão por meio de blocos, cilindros e outros elementos de impressão da posição 8442; e de outras impressoras, máquinas copiadoras e telecopiadores (fax), mesmo combinados entre si";
21.019.00;8450.11.00;21. Produtos eletrônicos, eletroeletrônicos e eletrodomésticos;19.0;Máquinas de lavar roupa, mesmo com dispositivos de secagem, de uso doméstico, de capacidade não superior a 10 kg, em peso de roupa seca, inteiramente automáticas;
21.020.00;8450.12.00;21. Produtos eletrônicos, eletroeletrônicos e eletrodomésticos;20.0;Outras máquinas de lavar roupa, mesmo com dispositivos de secagem, de uso doméstico, com secador centrífugo incorporado;
21.021.00;8450.19.00;21. Produtos eletrônicos, eletroeletrônicos e eletrodomésticos;21.0;Outras máquinas de lavar roupa, mesmo com dispositivos de secagem, de uso doméstico;
21.022.00;8450.20;21. Produtos eletrônicos, eletroeletrônicos e eletrodomésticos;22.0;Máquinas de lavar roupa, mesmo com dispositivos de secagem, de uso doméstico, de capacidade superior a 10 kg, em peso de roupa seca;
21.023.00;8450.90;21. Produtos eletrônicos, eletroeletrônicos e eletrodomésticos;23.0;Partes de máquinas de lavar roupa, mesmo com dispositivos de secagem, de uso doméstico;
21.024.00;8451.21.00;21. Produtos eletrônicos, eletroeletrônicos e eletrodomésticos;24.0;Máquinas de secar de uso doméstico de capacidade não superior a 10 kg, em peso de roupa seca;
21.025.00;8451.29.90;21. Produtos eletrônicos, eletroeletrônicos e eletrodomésticos;25.0;Outras máquinas de secar de uso doméstico;
21.026.00;8451.90;21. Produtos eletrônicos, eletroeletrônicos e eletrodomésticos;26.0;Partes de máquinas de secar de uso doméstico;
21.027.00;8452.10.00;21. Produtos eletrônicos, eletroeletrônicos e eletrodomésticos;27.0;Máquinas de costura de uso doméstico;
21.028.00;8471.30;21. Produtos eletrônicos, eletroeletrônicos e eletrodomésticos;28.0;Máquinas automáticas para processamento de dados, portáteis, de peso não superior a 10 kg, contendo pelo menos uma unidade central de processamento, um teclado e uma tela;
21.029.00;8471.4;21. Produtos eletrônicos, eletroeletrônicos e eletrodomésticos;29.0;Outras máquinas automáticas para processamento de dados;
21.030.00;8471.50.10;21. Produtos eletrônicos, eletroeletrônicos e eletrodomésticos;30.0;"Unidades de processamento, de pequena capacidade, exceto as das subposições 8471.41 ou 8471.49, podendo conter, no mesmo corpo, um ou dois dos seguintes tipos de unidades: unidade de memória, unidade de entrada e unidade de saída; baseadas em microprocessadores, com capacidade de instalação, dentro do mesmo gabinete, de unidades de memória da subposição 8471.70, podendo conter múltiplos conectores de expansão (“slots”), e valor FOB inferior ou igual a US$ 12.500,00, por unidade";
21.031.00;8471.60.5;21. Produtos eletrônicos, eletroeletrônicos e eletrodomésticos;31.0;Unidades de entrada, exceto as classificadas no código 8471.60.54;
21.032.00;8471.60.90;21. Produtos eletrônicos, eletroeletrônicos e eletrodomésticos;32.0;Outras unidades de entrada ou de saída, podendo conter, no mesmo corpo, unidades de memória;
21.033.00;8471.70;21. Produtos eletrônicos, eletroeletrônicos e eletrodomésticos;33.0;Unidades de memória;
21.034.00;8471.90;21. Produtos eletrônicos, eletroeletrônicos e eletrodomésticos;34.0;"Outras máquinas automáticas para processamento de dados e suas unidades; leitores magnéticos ou ópticos, máquinas para registrar dados em suporte sob forma codificada, e máquinas para processamento desses dados, não especificadas nem compreendidas em outras posições";
21.035.00;8473.30;21. Produtos eletrônicos, eletroeletrônicos e eletrodomésticos;35.0;Partes e acessórios das máquinas da posição 84.71;
21.036.00;8504.3;21. Produtos eletrônicos, eletroeletrônicos e eletrodomésticos;36.0;Outros transformadores, exceto os classificados nos códigos 8504.33.00 e 8504.34.00;
21.037.00;8504.40.10;21. Produtos eletrônicos, eletroeletrônicos e eletrodomésticos;37.0;Carregadores de acumuladores;
21.038.00;8504.40.40;21. Produtos eletrônicos, eletroeletrônicos e eletrodomésticos;38.0;Equipamentos de alimentação ininterrupta de energia (UPS ou “no break”);
21.039.00;8507.80.00;21. Produtos eletrônicos, eletroeletrônicos e eletrodomésticos;39.0;Outros acumuladores;
21.040.00;8508;21. Produtos eletrônicos, eletroeletrônicos e eletrodomésticos;40.0;Aspiradores;
21.041.00;8509;21. Produtos eletrônicos, eletroeletrônicos e eletrodomésticos;41.0;Aparelhos eletromecânicos de motor elétrico incorporado, de uso doméstico e suas partes;
21.042.00;8509.80.10;21. Produtos eletrônicos, eletroeletrônicos e eletrodomésticos;42.0;Enceradeiras;
21.043.00;8516.10.00;21. Produtos eletrônicos, eletroeletrônicos e eletrodomésticos;43.0;Chaleiras elétricas;
21.044.00;8516.40.00;21. Produtos eletrônicos, eletroeletrônicos e eletrodomésticos;44.0;Ferros elétricos de passar;
21.045.00;8516.50.00;21. Produtos eletrônicos, eletroeletrônicos e eletrodomésticos;45.0;Fornos de micro-ondas;
21.046.00;8516.60.00;21. Produtos eletrônicos, eletroeletrônicos e eletrodomésticos;46.0;"Outros fornos; fogareiros (incluídas as chapas de cocção), grelhas e assadeiras, exceto os portáteis";
21.047.00;8516.60.00;21. Produtos eletrônicos, eletroeletrônicos e eletrodomésticos;47.0;"Outros fornos; fogareiros (incluídas as chapas de cocção), grelhas e assadeiras, portáteis";
21.048.00;8516.71.00;21. Produtos eletrônicos, eletroeletrônicos e eletrodomésticos;48.0;Outros aparelhos eletrotérmicos de uso doméstico - Cafeteiras;
21.049.00;8516.72.00;21. Produtos eletrônicos, eletroeletrônicos e eletrodomésticos;49.0;Outros aparelhos eletrotérmicos de uso doméstico - Torradeiras;
21.050.00;8516.79;21. Produtos eletrônicos, eletroeletrônicos e eletrodomésticos;50.0;Outros aparelhos eletrotérmicos de uso doméstico;
21.051.00;8516.90.00;21. Produtos eletrônicos, eletroeletrônicos e eletrodomésticos;51.0;Partes das chaleiras, ferros, fornos e outros aparelhos eletrotérmicos da posição 85.16, descritos nos CEST 21.043.00, 21.044.00, 21.045.00, 21.046.00, 21.047.00, 21.048.00, 21.049.00 e 21.050.00;
21.052.00;8517.11.00;21. Produtos eletrônicos, eletroeletrônicos e eletrodomésticos;52.0;Aparelhos telefônicos por fio com unidade auscultador - microfone sem fio;
21.053.00;8517.12.3;21. Produtos eletrônicos, eletroeletrônicos e eletrodomésticos;53.0;Telefones para redes celulares, exceto por satélite, os de uso automotivo e os classificados no CEST 21.053.01;
21.053.01;8517.12.31;21. Produtos eletrônicos, eletroeletrônicos e eletrodomésticos;53.1;Telefones para redes celulares portáteis, exceto por satélite;
21.054.00;8517.12;21. Produtos eletrônicos, eletroeletrônicos e eletrodomésticos;54.0;Outros telefones para outras redes sem fio, exceto para redes de celulares e os de uso automotivo;
21.055.00;8517.18.91;21. Produtos eletrônicos, eletroeletrônicos e eletrodomésticos;55.0;Outros aparelhos telefônicos não combinados com outros aparelhos;
21.055.01;8517.18.99;21. Produtos eletrônicos, eletroeletrônicos e eletrodomésticos;55.1;Outros aparelhos telefônicos;
21.056.00;8517.62.5;21. Produtos eletrônicos, eletroeletrônicos e eletrodomésticos;56.0;Aparelhos para transmissão ou recepção de voz, imagem ou outros dados em rede com fio, exceto os classificados nos códigos 8517.62.51, 8517.62.52 e 8517.62.53;
21.057.00;8518;21. Produtos eletrônicos, eletroeletrônicos e eletrodomésticos;57.0;"Microfones e seus suportes; alto-falantes, mesmo montados nos seus receptáculos, fones de ouvido (auscultadores), mesmo combinados com microfone e conjuntos ou sortidos constituídos por um microfone e um ou mais alto-falantes, amplificadores elétricos de audiofrequência, aparelhos elétricos de amplificação de som; suas partes e acessórios; exceto os de uso automotivo";
21.058.00;8519;21. Produtos eletrônicos, eletroeletrônicos e eletrodomésticos;58.0;"Aparelhos de radiodifusão suscetíveis de funcionarem sem fonte externa de energia. Aparelhos de gravação de som; aparelhos de reprodução de som; aparelhos de gravação e de reprodução de som; partes e acessórios; exceto os de uso automotivo";
21.058.00;8522;21. Produtos eletrônicos, eletroeletrônicos e eletrodomésticos;58.0;"Aparelhos de radiodifusão suscetíveis de funcionarem sem fonte externa de energia. Aparelhos de gravação de som; aparelhos de reprodução de som; aparelhos de gravação e de reprodução de som; partes e acessórios; exceto os de uso automotivo";
21.058.00;8527.1;21. Produtos eletrônicos, eletroeletrônicos e eletrodomésticos;58.0;"Aparelhos de radiodifusão suscetíveis de funcionarem sem fonte externa de energia. Aparelhos de gravação de som; aparelhos de reprodução de som; aparelhos de gravação e de reprodução de som; partes e acessórios; exceto os de uso automotivo";
21.059.00;8519.81.90;21. Produtos eletrônicos, eletroeletrônicos e eletrodomésticos;59.0;"Outros aparelhos de gravação de som; aparelhos de reprodução de som; aparelhos de gravação e de reprodução de som; partes e acessórios; exceto os de uso automotivo";
21.060.00;8521.90.10;21. Produtos eletrônicos, eletroeletrônicos e eletrodomésticos;60.0;Gravador-reprodutor e editor de imagem e som, em discos, por meio magnético, óptico ou optomagnético, exceto de uso automotivo;
21.061.00;8521.90.90;21. Produtos eletrônicos, eletroeletrônicos e eletrodomésticos;61.0;Outros aparelhos videofônicos de gravação ou reprodução, mesmo incorporando um receptor de sinais videofônicos, exceto os de uso automotivo;
21.062.00;8523.51.10;21. Produtos eletrônicos, eletroeletrônicos e eletrodomésticos;62.0;"Cartões de memória (""memory cards"")";
21.063.00;8523.52.00;21. Produtos eletrônicos, eletroeletrônicos e eletrodomésticos;63.0;"Cartões inteligentes (""smartcards""), exceto o item classificado no CEST 21.064.00";
21.064.00;8523.52.00;21. Produtos eletrônicos, eletroeletrônicos e eletrodomésticos;64.0;"Cartões inteligentes (""sim cards"")";
21.065.00;8525.80.2;21. Produtos eletrônicos, eletroeletrônicos e eletrodomésticos;65.0;Câmeras fotográficas digitais e câmeras de vídeo e suas partes;
21.066.00;8527.9;21. Produtos eletrônicos, eletroeletrônicos e eletrodomésticos;66.0;Outros aparelhos receptores para radiodifusão, mesmo combinados num invólucro, com um aparelho de gravação ou de reprodução de som, ou com um relógio, inclusive caixa acústica para Home Theaters classificados na posição 8518;
21.067.00;8528.49.29;21. Produtos eletrônicos, eletroeletrônicos e eletrodomésticos;67.0;Monitores e projetores que não incorporem aparelhos receptores de televisão, policromáticos;
21.067.00;8528.59.20;21. Produtos eletrônicos, eletroeletrônicos e eletrodomésticos;67.0;Monitores e projetores que não incorporem aparelhos receptores de televisão, policromáticos;
21.067.00;8528.69;21. Produtos eletrônicos, eletroeletrônicos e eletrodomésticos;67.0;Monitores e projetores que não incorporem aparelhos receptores de televisão, policromáticos;
21.067.01;8528.62.00;21. Produtos eletrônicos, eletroeletrônicos e eletrodomésticos;67.1;Projetores capazes de serem conectados diretamente a uma máquina automática para processamento de dados da posição 84.71 e concebidos para serem utilizados com esta máquina;
21.068.00;8528.52.20;21. Produtos eletrônicos, eletroeletrônicos e eletrodomésticos;68.0;Outros monitores capazes de serem conectados diretamente a uma máquina automática para processamento de dados da posição 84.71 e concebidos para serem utilizados com esta máquina, policromáticos;
21.069.00;8528.7;21. Produtos eletrônicos, eletroeletrônicos e eletrodomésticos;69.0;Aparelhos receptores de televisão, mesmo que incorporem um aparelho receptor de radiodifusão ou um aparelho de gravação ou reprodução de som ou de imagens - Televisores de CRT (tubo de raios catódicos);
21.070.00;8528.7;21. Produtos eletrônicos, eletroeletrônicos e eletrodomésticos;70.0;Aparelhos receptores de televisão, mesmo que incorporem um aparelho receptor de radiodifusão ou um aparelho de gravação ou reprodução de som ou de imagens - Televisores de LCD (Display de Cristal Líquido);
21.071.00;8528.7;21. Produtos eletrônicos, eletroeletrônicos e eletrodomésticos;71.0;Aparelhos receptores de televisão, mesmo que incorporem um aparelho receptor de radiodifusão ou um aparelho de gravação ou reprodução de som ou de imagens - Televisores de Plasma;
21.072.00;8528.7;21. Produtos eletrônicos, eletroeletrônicos e eletrodomésticos;72.0;Outros aparelhos receptores de televisão não dotados de monitores ou display de vídeo;
21.073.00;8528.7;21. Produtos eletrônicos, eletroeletrônicos e eletrodomésticos;73.0;Outros aparelhos receptores de televisão não relacionados nos CEST 21.069.00, 21.070.00, 21.071.00 e 21.072.00;
21.074.00;9006.59;21. Produtos eletrônicos, eletroeletrônicos e eletrodomésticos;74.0;Câmeras fotográficas dos tipos utilizadas para preparação de clichês ou cilindros de impressão;
21.075.00;9006.40.00;21. Produtos eletrônicos, eletroeletrônicos e eletrodomésticos;75.0;Câmeras fotográficas para filmes de revelação e copiagem instantâneas;
21.076.00;9018.90.50;21. Produtos eletrônicos, eletroeletrônicos e eletrodomésticos;76.0;Aparelhos de diatermia;
21.077.00;9019.10.00;21. Produtos eletrônicos, eletroeletrônicos e eletrodomésticos;77.0;Aparelhos de massagem;
21.078.00;9032.89.11;21. Produtos eletrônicos, eletroeletrônicos e eletrodomésticos;78.0;Reguladores de voltagem eletrônicos;
21.079.00;9504.50.00;21. Produtos eletrônicos, eletroeletrônicos e eletrodomésticos;79.0;Consoles e máquinas de jogos de vídeo, exceto os classificados na subposição 9504.30;
21.080.00;8517.62.1;21. Produtos eletrônicos, eletroeletrônicos e eletrodomésticos;80.0;Multiplexadores e concentradores;
21.081.00;8517.62.22;21. Produtos eletrônicos, eletroeletrônicos e eletrodomésticos;81.0;Centrais automáticas privadas, de capacidade inferior ou igual a 25 ramais;
21.082.00;8517.62.39;21. Produtos eletrônicos, eletroeletrônicos e eletrodomésticos;82.0;Outros aparelhos para comutação;
21.083.00;8517.62.4;21. Produtos eletrônicos, eletroeletrônicos e eletrodomésticos;83.0;Roteadores digitais, em redes com ou sem fio;
21.084.00;8517.62.62;21. Produtos eletrônicos, eletroeletrônicos e eletrodomésticos;84.0;Aparelhos emissores com receptor incorporado de sistema troncalizado (“trunking”), de tecnologia celular;
21.085.00;8517.62.9;21. Produtos eletrônicos, eletroeletrônicos e eletrodomésticos;85.0;Outros aparelhos de recepção, conversão e transmissão ou regeneração de voz, imagens ou outros dados, incluindo os aparelhos de comutação e roteamento;
21.086.00;8517.70.21;21. Produtos eletrônicos, eletroeletrônicos e eletrodomésticos;86.0;Antenas próprias para telefones celulares portáteis, exceto as telescópicas;
21.087.00;8214.90;21. Produtos eletrônicos, eletroeletrônicos e eletrodomésticos;87.0;Aparelhos ou máquinas de barbear, máquinas de cortar o cabelo ou de tosquiar e aparelhos de depilar, e suas partes;
21.087.00;8510;21. Produtos eletrônicos, eletroeletrônicos e eletrodomésticos;87.0;Aparelhos ou máquinas de barbear, máquinas de cortar o cabelo ou de tosquiar e aparelhos de depilar, e suas partes;
21.088.00;8414.5;21. Produtos eletrônicos, eletroeletrônicos e eletrodomésticos;88.0;Ventiladores, exceto os de uso agrícola;
21.089.00;8414.59.90;21. Produtos eletrônicos, eletroeletrônicos e eletrodomésticos;89.0;Ventiladores de uso agrícola;
21.090.00;8414.60.00;21. Produtos eletrônicos, eletroeletrônicos e eletrodomésticos;90.0;Coifas com dimensão horizontal máxima não superior a 120 cm;
21.091.00;8414.90.20;21. Produtos eletrônicos, eletroeletrônicos e eletrodomésticos;91.0;Partes de ventiladores ou coifas aspirantes;
21.092.00;8415.10;21. Produtos eletrônicos, eletroeletrônicos e eletrodomésticos;92.0;Máquinas e aparelhos de ar condicionado contendo um ventilador motorizado e dispositivos próprios para modificar a temperatura e a umidade, incluídos as máquinas e aparelhos em que a umidade não seja regulável separadamente;
21.092.00;8415.8;21. Produtos eletrônicos, eletroeletrônicos e eletrodomésticos;92.0;Máquinas e aparelhos de ar condicionado contendo um ventilador motorizado e dispositivos próprios para modificar a temperatura e a umidade, incluídos as máquinas e aparelhos em que a umidade não seja regulável separadamente;
21.093.00;8415.10.11;21. Produtos eletrônicos, eletroeletrônicos e eletrodomésticos;93.0;Aparelhos de ar-condicionado tipo Split System (sistema com elementos separados) com unidade externa e interna;
21.094.00;8415.10.19;21. Produtos eletrônicos, eletroeletrônicos e eletrodomésticos;94.0;Aparelhos de ar-condicionado com capacidade inferior ou igual a 30.000 frigorias/hora;
21.095.00;8415.10.90;21. Produtos eletrônicos, eletroeletrônicos e eletrodomésticos;95.0;Aparelhos de ar-condicionado com capacidade acima de 30.000 frigorias/hora;
21.096.00;8415.90.10;21. Produtos eletrônicos, eletroeletrônicos e eletrodomésticos;96.0;Unidades evaporadoras (internas) de aparelho de ar-condicionado do tipo Split System (sistema com elementos separados), com capacidade inferior ou igual a 30.000 frigorias/hora;
21.097.00;8415.90.20;21. Produtos eletrônicos, eletroeletrônicos e eletrodomésticos;97.0;Unidades condensadoras (externas) de aparelho de ar-condicionado do tipo Split System (sistema com elementos separados), com capacidade inferior ou igual a 30.000 frigorias/hora;
21.098.00;8421.21.00;21. Produtos eletrônicos, eletroeletrônicos e eletrodomésticos;98.0;Aparelhos elétricos para filtrar ou depurar água (purificadores de água refrigerados), exceto os itens classificados no CEST 21.098.01;
21.098.01;8421.21.00;21. Produtos eletrônicos, eletroeletrônicos e eletrodomésticos;98.1;Outros aparelhos elétricos para filtrar ou depurar água;
21.099.00;8424.30.10;21. Produtos eletrônicos, eletroeletrônicos e eletrodomésticos;99.0;Lavadora de alta pressão e suas partes;
21.099.00;8424.30.90;21. Produtos eletrônicos, eletroeletrônicos e eletrodomésticos;99.0;Lavadora de alta pressão e suas partes;
21.099.00;8424.90.90;21. Produtos eletrônicos, eletroeletrônicos e eletrodomésticos;99.0;Lavadora de alta pressão e suas partes;
21.100.00;8467.21.00;21. Produtos eletrônicos, eletroeletrônicos e eletrodomésticos;100.0;Furadeiras elétricas;
21.101.00;8516.2;21. Produtos eletrônicos, eletroeletrônicos e eletrodomésticos;101.0;Aparelhos elétricos para aquecimento de ambientes;
21.102.00;8516.31.00;21. Produtos eletrônicos, eletroeletrônicos e eletrodomésticos;102.0;Secadores de cabelo;
21.103.00;8516.32.00;21. Produtos eletrônicos, eletroeletrônicos e eletrodomésticos;103.0;Outros aparelhos para arranjos do cabelo;
21.104.00;8527;21. Produtos eletrônicos, eletroeletrônicos e eletrodomésticos;104.0;Aparelhos receptores para radiodifusão, mesmo combinados num mesmo invólucro, com um aparelho de gravação ou de reprodução de som, ou com um relógio, exceto os classificados na posição 8527.1, 8527.2 e 8527.9 que sejam de uso automotivo;
21.105.00;8479.60.00;21. Produtos eletrônicos, eletroeletrônicos e eletrodomésticos;105.0;Climatizadores de ar;
21.106.00;8415.90.90;21. Produtos eletrônicos, eletroeletrônicos e eletrodomésticos;106.0;Outras partes para máquinas e aparelhos de ar-condicionado que contenham um ventilador motorizado e dispositivos próprios para modificar a temperatura e a umidade, incluindo as máquinas e aparelhos em que a umidade não seja regulável separadamente;
21.107.00;8525.80.19;21. Produtos eletrônicos, eletroeletrônicos e eletrodomésticos;107.0;Câmeras de televisão e suas partes;
21.108.00;8423.10.00;21. Produtos eletrônicos, eletroeletrônicos e eletrodomésticos;108.0;Balanças de uso doméstico;
21.109.00;8540;21. Produtos eletrônicos, eletroeletrônicos e eletrodomésticos;109.0;Tubos e válvulas, eletrônicos, de cátodo quente, cátodo frio ou fotocátodo (por exemplo, tubos e válvulas, de vácuo, de vapor ou de gás, ampolas retificadoras de vapor de mercúrio, tubos catódicos, tubos e válvulas para câmeras de televisão);
21.110.00;8517;21. Produtos eletrônicos, eletroeletrônicos e eletrodomésticos;110.0;"Aparelhos elétricos para telefonia; outros aparelhos para transmissão ou recepção de voz, imagens ou outros dados, incluídos os aparelhos para comunicação em redes por fio ou redes sem fio (tal como uma rede local (LAN) ou uma rede de área estendida (WAN), incluídas suas partes, exceto os de uso automotivo e os classificados nos códigos 8517.62.51, 8517.62.52 e 8517.62.53";
21.111.00;8517;21. Produtos eletrônicos, eletroeletrônicos e eletrodomésticos;111.0;Interfones, seus acessórios, tomadas e “plugs”;
21.112.00;8529;21. Produtos eletrônicos, eletroeletrônicos e eletrodomésticos;112.0;"Partes reconhecíveis como exclusiva ou principalmente destinadas aos aparelhos das posições 8525 a 8528; exceto as de uso automotivo";
21.113.00;8531;21. Produtos eletrônicos, eletroeletrônicos e eletrodomésticos;113.0;"Aparelhos elétricos de sinalização acústica ou visual (por exemplo, campainhas, sirenes, quadros indicadores, aparelhos de alarme para proteção contra roubo ou incêndio); exceto os de uso automotivo e os classificados nas posições 8531.10 e 8531.80.00.";
21.114.00;8531.10;21. Produtos eletrônicos, eletroeletrônicos e eletrodomésticos;114.0;Aparelhos elétricos de alarme, para proteção contra roubo ou incêndio e aparelhos semelhantes, exceto os de uso automotivo;
21.115.00;8531.80.00;21. Produtos eletrônicos, eletroeletrônicos e eletrodomésticos;115.0;Outros aparelhos de sinalização acústica ou visual, exceto os de uso automotivo;
21.116.00;8534.00;21. Produtos eletrônicos, eletroeletrônicos e eletrodomésticos;116.0;Circuitos impressos, exceto os de uso automotivo;
21.117.00;8541.40.11;21. Produtos eletrônicos, eletroeletrônicos e eletrodomésticos;117.0;Diodos emissores de luz (LED), exceto diodos “laser”;
21.117.00;8541.40.21;21. Produtos eletrônicos, eletroeletrônicos e eletrodomésticos;117.0;Diodos emissores de luz (LED), exceto diodos “laser”;
21.117.00;8541.40.22;21. Produtos eletrônicos, eletroeletrônicos e eletrodomésticos;117.0;Diodos emissores de luz (LED), exceto diodos “laser”;
21.118.00;8543.70.92;21. Produtos eletrônicos, eletroeletrônicos e eletrodomésticos;118.0;Eletrificadores de cercas eletrônicos;
21.119.00;9030.3;21. Produtos eletrônicos, eletroeletrônicos e eletrodomésticos;119.0;"Aparelhos e instrumentos para medida ou controle da tensão, intensidade, resistência ou da potência, sem dispositivo registrador; exceto os de uso automotivo";
21.120.00;9030.89;21. Produtos eletrônicos, eletroeletrônicos e eletrodomésticos;120.0;Analisadores lógicos de circuitos digitais, de espectro de frequência, frequencímetros, fasímetros, e outros instrumentos e aparelhos de controle de grandezas elétricas e detecção;
21.121.00;9107.00;21. Produtos eletrônicos, eletroeletrônicos e eletrodomésticos;121.0;Interruptores horários e outros aparelhos que permitam acionar um mecanismo em tempo determinado, munidos de maquinismo de aparelhos de relojoaria ou de motor síncrono;
21.122.00;9405;21. Produtos eletrônicos, eletroeletrônicos e eletrodomésticos;122.0;"Aparelhos de iluminação (incluídos os projetores) e suas partes, não especificados nem compreendidos em outras posições; anúncios, cartazes ou tabuletas e placas indicadoras luminosos, e artigos semelhantes, contendo uma fonte luminosa fixa permanente, e suas partes não especificadas nem compreendidas em outras posições, com exceção dos itens classificados nos CEST 21.123.00, 21.124.00 e 21.125.00";
21.123.00;9405.10;21. Produtos eletrônicos, eletroeletrônicos e eletrodomésticos;123;"Lustres e outros aparelhos elétricos de iluminação, próprios para serem suspensos ou fixados no teto ou na parede, exceto os dos tipos utilizados na iluminação pública; e suas partes";
21.123.00;9405.9;21. Produtos eletrônicos, eletroeletrônicos e eletrodomésticos;123;"Lustres e outros aparelhos elétricos de iluminação, próprios para serem suspensos ou fixados no teto ou na parede, exceto os dos tipos utilizados na iluminação pública; e suas partes";
21.124.00;9405.20.00;21. Produtos eletrônicos, eletroeletrônicos e eletrodomésticos;124;Abajures de cabeceiras, de escritório e lampadários de interior, elétricos e suas partes;
21.124.00;9405.9;21. Produtos eletrônicos, eletroeletrônicos e eletrodomésticos;124;Abajures de cabeceiras, de escritório e lampadários de interior, elétricos e suas partes;
21.125.00;9405.40;21. Produtos eletrônicos, eletroeletrônicos e eletrodomésticos;125;Outros aparelhos elétricos de iluminação e suas partes;
21.125.00;9405.9;21. Produtos eletrônicos, eletroeletrônicos e eletrodomésticos;125;Outros aparelhos elétricos de iluminação e suas partes;
21.126.00;8542.31.90;21. Produtos eletrônicos, eletroeletrônicos e eletrodomésticos;126;Microprocessador;
22.001.00;2309;22. Rações para animais domésticos;1.0;Ração tipo “pet” para animais domésticos;
23.001.00;2105.00;23. Sorvetes e preparados para fabricação de sorvetes em máquinas;1.0;Sorvetes de qualquer espécie;
23.002.00;1806;23. Sorvetes e preparados para fabricação de sorvetes em máquinas;2.0;Preparados para fabricação de sorvete em máquina;
23.002.00;1901;23. Sorvetes e preparados para fabricação de sorvetes em máquinas;2.0;Preparados para fabricação de sorvete em máquina;
23.002.00;2106;23. Sorvetes e preparados para fabricação de sorvetes em máquinas;2.0;Preparados para fabricação de sorvete em máquina;
24.001.00;3208;24. Tintas e vernizes;1.0;Tintas, vernizes;
24.001.00;3209;24. Tintas e vernizes;1.0;Tintas, vernizes;
24.001.00;3210.00;24. Tintas e vernizes;1.0;Tintas, vernizes;
24.002.00;2821;24. Tintas e vernizes;2.0;Xadrez e pós assemelhados, exceto pigmentos à base de dióxido de titânio classificados no código 3206.11.19;
24.002.00;3206;24. Tintas e vernizes;2.0;Xadrez e pós assemelhados, exceto pigmentos à base de dióxido de titânio classificados no código 3206.11.19;
24.002.00;3204.17.00;24. Tintas e vernizes;2.0;Xadrez e pós assemelhados, exceto pigmentos à base de dióxido de titânio classificados no código 3206.11.19;
24.003.00;3204;24. Tintas e vernizes;3.0;Corantes para aplicação em bases, tintas e vernizes;
24.003.00;3206;24. Tintas e vernizes;3.0;Corantes para aplicação em bases, tintas e vernizes;
24.003.00;3212;24. Tintas e vernizes;3.0;Corantes para aplicação em bases, tintas e vernizes;
24.003.00;3205.00.00;24. Tintas e vernizes;3.0;Corantes para aplicação em bases, tintas e vernizes;
25.001.00;8702.10.00;25. Veículos automotores;1.0;Veículos automóveis para transporte de 10 pessoas ou mais, incluindo o motorista, unicamente com motor de pistão, de ignição por compressão (diesel ou semidiesel), com volume interno de habitáculo, destinado a passageiros e motorista, superior a 6 m³, mas inferior a 9 m³;
25.002.00;8702.40.90;25. Veículos automotores;2.0;Veículos automóveis para transporte de 10 pessoas ou mais, incluindo o motorista, unicamente com motor elétrico para propulsão, com volume interno de habitáculo, destinado a passageiros e motorista, superior a 6 m³, mas inferior a 9 m³;
25.003.00;8703.21.00;25. Veículos automotores;3.0;Automóveis unicamente com motor de pistão alternativo de ignição por centelha (faísca*), de cilindrada não superior a 1000 cm³;
25.004.00;8703.22.10;25. Veículos automotores;4.0;Automóveis unicamente com motor de pistão alternativo de ignição por centelha (faísca*), de cilindrada superior a 1000 cm³, mas não superior a 1500 cm³, com capacidade de transporte de pessoas sentadas inferior ou igual a 6, incluído o condutor, exceto carro celular;
25.005.00;8703.22.90;25. Veículos automotores;5.0;Outros automóveis unicamente com motor de pistão alternativo de ignição por centelha (faísca*), de cilindrada superior a 1000 cm³, mas não superior a 1500 cm³, exceto carro celular;
25.006.00;8703.23.10;25. Veículos automotores;6.0;Automóveis unicamente com motor de pistão alternativo de ignição por centelha (faísca*), de cilindrada superior a 1500 cm³, mas não superior a 3000 cm³, com capacidade de transporte de pessoas sentadas inferior ou igual a 6, incluído o condutor, exceto carro celular, carro funerário e automóveis de corrida;
25.007.00;8703.23.90;25. Veículos automotores;7.0;Outros automóveis unicamente com motor de pistão alternativo de ignição por centelha (faísca*), de cilindrada superior a 1500 cm³, mas não superior a 3000 cm³, exceto carro celular, carro funerário e automóveis de corrida;
25.008.00;8703.24.10;25. Veículos automotores;8.0;Automóveis unicamente com motor de pistão alternativo de ignição por centelha (faísca*), de cilindrada superior a 3000 cm³, com capacidade de transporte de pessoas sentadas inferior ou igual a 6, incluído o condutor, exceto carro celular, carro funerário e automóveis de corrida;
25.009.00;8703.24.90;25. Veículos automotores;9.0;Outros automóveis unicamente com motor de pistão alternativo de ignição por centelha (faísca*), de cilindrada superior a 3000 cm³, exceto carro celular, carro funerário e automóveis de corrida;
25.010.00;8703.32.10;25. Veículos automotores;10.0;Automóveis unicamente com motor diesel ou semidiesel, de cilindrada superior a 1500 cm³, mas não superior a 2500 cm³, com capacidade de transporte de pessoas sentadas inferior ou igual a 6, incluído o condutor, exceto ambulância, carro celular e carro funerário;
25.011.00;8703.32.90;25. Veículos automotores;11.0;Outros automóveis unicamente com motor diesel ou semidiesel, de cilindrada superior a 1500 cm³, mas não superior a 2500 cm³, exceto ambulância, carro celular e carro funerário;
25.012.00;8703.33.10;25. Veículos automotores;12.0;Automóveis unicamente com motor diesel ou semidiesel, de cilindrada superior a 2500 cm³, com capacidade de transporte de pessoas sentadas inferior ou igual a 6, incluído o condutor, exceto carro celular e carro funerário;
25.013.00;8703.33.90;25. Veículos automotores;13.0;Outros automóveis unicamente com motor diesel ou semidiesel, de cilindrada superior a 2500 cm³, exceto carro celular e carro funerário;
25.014.00;8704.21.10;25. Veículos automotores;14.0;Veículos automóveis para transporte de mercadorias, de peso em carga máxima não superior a 5 toneladas, chassis com motor diesel ou semidiesel e cabina, exceto caminhão de peso em carga máxima superior a 3,9 toneladas;
25.015.00;8704.21.20;25. Veículos automotores;15.0;Veículos automóveis para transporte de mercadorias, de peso em carga máxima não superior a 5 toneladas, com motor diesel ou semidiesel, com caixa basculante, exceto caminhão de peso em carga máxima superior a 3,9 toneladas;
25.016.00;8704.21.30;25. Veículos automotores;16.0;Veículos automóveis para transporte de mercadorias, de peso em carga máxima não superior a 5 toneladas, frigoríficos ou isotérmicos, com motor diesel ou semidiesel, exceto caminhão de peso em carga máxima superior a 3,9 toneladas;
25.017.00;8704.21.90;25. Veículos automotores;17.0;Outros veículos automóveis para transporte de mercadorias, de peso em carga máxima não superior a 5 toneladas, com motor diesel ou semidiesel, exceto carro-forte para transporte de valores e caminhão de peso em carga máxima superior a 3,9 toneladas;
25.018.00;8704.31.10;25. Veículos automotores;18.0;Veículos automóveis para transporte de mercadorias, de peso em carga máxima não superior a 5 toneladas, com motor a explosão, chassis e cabina, exceto caminhão de peso em carga máxima superior a 3,9 toneladas;
25.019.00;8704.31.20;25. Veículos automotores;19.0;Veículos automóveis para transporte de mercadorias, de peso em carga máxima não superior a 5 toneladas, com motor explosão com caixa basculante, exceto caminhão de peso em carga máxima superior a 3,9 toneladas;
25.020.00;8704.31.30;25. Veículos automotores;20.0;Veículos automóveis para transporte de mercadorias, de peso em carga máxima não superior a 5 toneladas, frigoríficos ou isotérmicos com motor explosão, exceto caminhão de peso em carga máxima superior a 3,9 toneladas;
25.021.00;8704.31.90;25. Veículos automotores;21.0;Outros veículos automóveis para transporte de mercadorias, de peso em carga máxima não superior a 5 toneladas, com motor a explosão, exceto carro-forte para transporte de valores e caminhão de peso em carga máxima superior a 3,9 toneladas;
25.022.00;8702.20.00;25. Veículos automotores;22.0;Veículos automóveis para transporte de 10 pessoas ou mais, incluindo o motorista, com motor de pistão, de ignição por compressão (diesel ou semidiesel) e um motor elétrico, com volume interno de habitáculo, destinado a passageiros e motorista, superior a 6 m³, mas inferior a 9 m³;
25.023.00;8702.30.00;25. Veículos automotores;23.0;Veículos automóveis para transporte de 10 pessoas ou mais, incluindo o motorista, com motor de pistão alternativo, de ignição por centelha (faísca) e um motor elétrico, com volume interno de habitáculo, destinado a passageiros e motorista, superior a 6 m³, mas inferior a 9 m³;
25.024.00;8702.90.00;25. Veículos automotores;24.0;Outros veículos automóveis para transporte de 10 pessoas ou mais, incluindo o motorista, com volume interno de habitáculo, destinado a passageiros e motorista, superior a 6 m³, mas inferior a 9 m³;
25.025.00;8703.40.00;25. Veículos automotores;25.0;Automóveis equipados para propulsão, simultaneamente, com um motor de pistão alternativo de ignição por centelha (faísca*) e um motor elétrico, exceto os suscetíveis de serem carregados por conexão a uma fonte externa de energia elétrica, o carro celular e o carro funerário;
25.026.00;8703.50.00;25. Veículos automotores;26.0;Automóveis equipados para propulsão, simultaneamente, com um motor de pistão por compressão (diesel ou semidiesel) e um motor elétrico, exceto os suscetíveis de serem carregados por conexão a uma fonte externa de energia elétrica, exceto o carro celular e o carro funerário;
25.027.00;8703.60.00;25. Veículos automotores;27.0;Automóveis equipados para propulsão, simultaneamente, com um motor de pistão alternativo de ignição por centelha (faísca*) e um motor elétrico, suscetíveis de serem carregados por conexão a uma fonte externa de energia elétrica, exceto o carro celular e o carro funerário;
25.028.00;8703.70.00;25. Veículos automotores;28.0;Automóveis equipados para propulsão, simultaneamente, com um motor de pistão por compressão (diesel ou semidiesel) e um motor elétrico, suscetíveis de serem carregados por conexão a uma fonte externa de energia elétrica, exceto o carro celular e o carro funerário;
25.029.00;8703.80.00;25. Veículos automotores;29.0;Outros veículos, equipados unicamente com motor elétrico para propulsão;
26.001.00;8711;26. Veículos de duas e três rodas motorizados;1.0;"Motocicletas (incluídos os ciclomotores) e outros ciclos equipados com motor auxiliar, mesmo com carro lateral; carros laterais";
28.001.00;3303.00.10;28. Venda de mercadorias pelo sistema porta a porta;1.0;Perfumes (extratos);
28.002.00;3303.00.20;28. Venda de mercadorias pelo sistema porta a porta;2.0;Águas-de-colônia;
28.003.00;3304.10.00;28. Venda de mercadorias pelo sistema porta a porta;3.0;Produtos de maquiagem para os lábios;
28.004.00;3304.20.10;28. Venda de mercadorias pelo sistema porta a porta;4.0;Sombra, delineador, lápis para sobrancelhas e rímel;
28.005.00;3304.20.90;28. Venda de mercadorias pelo sistema porta a porta;5.0;Outros produtos de maquiagem para os olhos;
28.006.00;3304.30.00;28. Venda de mercadorias pelo sistema porta a porta;6.0;Preparações para manicuros e pedicuros;
28.007.00;3304.91.00;28. Venda de mercadorias pelo sistema porta a porta;7.0;Pós para maquiagem, incluindo os compactos;
28.008.00;3304.99.10;28. Venda de mercadorias pelo sistema porta a porta;8.0;Cremes de beleza, cremes nutritivos e loções tônicas;
28.009.00;3304.99.90;28. Venda de mercadorias pelo sistema porta a porta;9.0;Outros produtos de beleza ou de maquiagem preparados e preparações para conservação ou cuidados da pele, exceto as preparações antissolares e os bronzeadores;
28.010.00;3304.99.90;28. Venda de mercadorias pelo sistema porta a porta;10.0;Preparações antissolares e os bronzeadores;
28.011.00;3305.10.00;28. Venda de mercadorias pelo sistema porta a porta;11.0;Xampus para o cabelo;
28.012.00;3305.20.00;28. Venda de mercadorias pelo sistema porta a porta;12.0;Preparações para ondulação ou alisamento, permanentes, dos cabelos;
28.013.00;3305.90.00;28. Venda de mercadorias pelo sistema porta a porta;13.0;Outras preparações capilares;
28.014.00;3305.90.00;28. Venda de mercadorias pelo sistema porta a porta;14.0;Tintura para o cabelo;
28.015.00;3307.10.00;28. Venda de mercadorias pelo sistema porta a porta;15.0;Preparações para barbear (antes, durante ou após);
28.016.00;3307.20.10;28. Venda de mercadorias pelo sistema porta a porta;16.0;Desodorantes corporais e antiperspirantes, líquidos;
28.016.01;3307.20.10;28. Venda de mercadorias pelo sistema porta a porta;16.1;Loções e óleos desodorantes hidratantes líquidos;
28.016.02;3307.20.10;28. Venda de mercadorias pelo sistema porta a porta;16.2;Antiperspirantes líquidos;
28.017.00;3307.20.90;28. Venda de mercadorias pelo sistema porta a porta;17.0;Outros desodorantes corporais e antiperspirantes;
28.017.01;3307.20.90;28. Venda de mercadorias pelo sistema porta a porta;17.1;Outras loções e óleos desodorantes hidratantes;
28.017.02;3307.20.90;28. Venda de mercadorias pelo sistema porta a porta;17.2;Outros antiperspirantes;
28.018.00;3307.90.00;28. Venda de mercadorias pelo sistema porta a porta;18.0;Outros produtos de perfumaria ou de toucador preparados;
28.019.00;3307.90.00;28. Venda de mercadorias pelo sistema porta a porta;19.0;Outras preparações cosméticas;
28.020.00;3401.11.90;28. Venda de mercadorias pelo sistema porta a porta;20.0;Sabões de toucador em barras, pedaços ou figuras moldados, exceto CEST 28.020.01;
28.020.01;3401.11.90;28. Venda de mercadorias pelo sistema porta a porta;20.1;Lenços umedecidos;
28.021.00;3401.19.00;28. Venda de mercadorias pelo sistema porta a porta;21.0;Outros sabões, produtos e preparações orgânicos tensoativos, inclusive papel, pastas (ouates), feltros e falsos tecidos, impregnados, revestidos ou recobertos de sabão ou de detergentes;
28.021.01;3401.11.90;28. Venda de mercadorias pelo sistema porta a porta;20.1;Lenços umedecidos;
28.022.00;3401.20.10;28. Venda de mercadorias pelo sistema porta a porta;22.0;Sabões de toucador sob outras formas;
28.023.00;3401.30.00;28. Venda de mercadorias pelo sistema porta a porta;23.0;Produtos e preparações orgânicos tensoativos para lavagem da pele, em forma de líquido ou de creme, acondicionados para venda a retalho, mesmo contendo sabão;
28.024.00;4818.20.00;28. Venda de mercadorias pelo sistema porta a porta;24.0;Lenços de papel, incluindo os de desmaquiar;
28.024.01;4818.20.00;28. Venda de mercadorias pelo sistema porta a porta;24.1;Toalhas de mão;
28.025.00;8214.10.00;28. Venda de mercadorias pelo sistema porta a porta;25.0;Apontadores de lápis para maquiagem;
28.025.01;8214.10.00;28. Venda de mercadorias pelo sistema porta a porta;25.1;Espátulas, abre-cartas e raspadeiras;
28.025.02;8214.10.00;28. Venda de mercadorias pelo sistema porta a porta;25.2;Lâminas de espátulas, de abre-cartas, de raspadeiras e de apontadores de lápis;
28.026.00;8214.20.00;28. Venda de mercadorias pelo sistema porta a porta;26.0;Utensílios e sortidos de utensílios de manicuros ou de pedicuros (incluindo as limas para unhas);
28.027.00;9603.29.00;28. Venda de mercadorias pelo sistema porta a porta;27.0;Escovas e pincéis de barba, escovas para cabelos, para cílios ou para unhas e outras escovas de toucador de pessoas;
28.027.01;9603.29.00;28. Venda de mercadorias pelo sistema porta a porta;27.1;"Vassouras e escovas, mesmo constituindo partes de máquinas, de aparelhos ou de veículos, vassouras mecânicas de uso manual não motorizadas, pincéis e espanadores; cabeças preparadas para escovas, pincéis e artigos semelhantes; bonecas e rolos para pintura; rodos de borracha ou de matérias flexíveis semelhantes, outros";
28.028.00;9603.30.00;28. Venda de mercadorias pelo sistema porta a porta;28.0;Pincéis para aplicação de produtos cosméticos;
28.028.01;9603.30.00;28. Venda de mercadorias pelo sistema porta a porta;28.1;Pincéis e escovas, para artistas e pincéis de escrever;
28.029.00;9616.10.00;28. Venda de mercadorias pelo sistema porta a porta;29.0;Vaporizadores de toucador, suas armações e cabeças de armações;
28.030.00;9616.20.00;28. Venda de mercadorias pelo sistema porta a porta;30.0;Borlas ou esponjas para pós ou para aplicação de outros cosméticos ou de produtos de toucador;
28.031.00;4202.1;28. Venda de mercadorias pelo sistema porta a porta;31.0;Malas e maletas de toucador;
28.032.00;9615;28. Venda de mercadorias pelo sistema porta a porta;32.0;"Pentes, travessas para cabelo e artigos semelhantes; grampos (alfinetes) para cabelo; pinças (“pinceguiches”), onduladores, bobs (rolos) e artefatos semelhantes para penteados, e suas partes";
28.033.00;3923.30.00;28. Venda de mercadorias pelo sistema porta a porta;33.0;Mamadeiras;
28.033.00;3924.10.00;28. Venda de mercadorias pelo sistema porta a porta;33.0;Mamadeiras;
28.033.00;3924.90.00;28. Venda de mercadorias pelo sistema porta a porta;33.0;Mamadeiras;
28.033.00;4014.90.90;28. Venda de mercadorias pelo sistema porta a porta;33.0;Mamadeiras;
28.033.00;7010.20.00;28. Venda de mercadorias pelo sistema porta a porta;33.0;Mamadeiras;
28.034.00;4014.90.90;28. Venda de mercadorias pelo sistema porta a porta;34.0;Chupetas e bicos para mamadeiras e para chupetas;
28.035.00;1211.90.90;28. Venda de mercadorias pelo sistema porta a porta;35.0;Outras plantas e partes, para perfumaria, medicina e semelhantes;
28.036.00;3926.20.00;28. Venda de mercadorias pelo sistema porta a porta;36.0;Vestuário e seus acessórios, de plásticos, inclusive luvas;
28.037.00;3926.40.00;28. Venda de mercadorias pelo sistema porta a porta;37.0;Estatuetas e outros objetos de ornamentação, de plásticos;
28.038.00;3926.90.90;28. Venda de mercadorias pelo sistema porta a porta;38.0;Outras obras de plásticos;
28.039.00;4202.22.10;28. Venda de mercadorias pelo sistema porta a porta;39.0;Bolsas de folhas de plástico;
28.040.00;4202.22.20;28. Venda de mercadorias pelo sistema porta a porta;40.0;Bolsas de matérias têxteis;
28.041.00;4202.29.00;28. Venda de mercadorias pelo sistema porta a porta;41.0;Bolsas de outras matérias;
28.042.00;4202.39.00;28. Venda de mercadorias pelo sistema porta a porta;42.0;Artigos de bolsos/bolsas, de outras matérias;
28.043.00;4202.92.00;28. Venda de mercadorias pelo sistema porta a porta;43.0;Outros artefatos, de folhas de plásticos ou matérias têxteis;
28.044.00;4202.99.00;28. Venda de mercadorias pelo sistema porta a porta;44.0;Outros artefatos, de outras matérias;
28.045.00;4819.20.00;28. Venda de mercadorias pelo sistema porta a porta;45.0;Caixas e cartonagens, dobráveis, de papel/cartão, não ondulados;
28.046.00;4819.40.00;28. Venda de mercadorias pelo sistema porta a porta;46.0;Outros sacos, bolsas e cartuchos, de papel ou cartão;
28.047.00;4821.10.00;28. Venda de mercadorias pelo sistema porta a porta;47.0;Etiquetas de papel ou cartão, impressas;
28.048.00;4911.10.90;28. Venda de mercadorias pelo sistema porta a porta;48.0;Outros impressos publicitários, catálogos comerciais e semelhantes;
28.049.00;6115.99.00;28. Venda de mercadorias pelo sistema porta a porta;49.0;Outras meias de malha de outras matérias têxteis;
28.050.00;6217.10.00;28. Venda de mercadorias pelo sistema porta a porta;50.0;Outros acessórios confeccionados, de vestuário;
28.051.00;6302.60.00;28. Venda de mercadorias pelo sistema porta a porta;51.0;Roupas de toucador/cozinha, de tecidos atoalhados de algodão;
28.052.00;6307.90.90;28. Venda de mercadorias pelo sistema porta a porta;52.0;Outros artefatos têxteis confeccionados;
28.053.00;6506.99.00;28. Venda de mercadorias pelo sistema porta a porta;53.0;Chapéus e outros artefatos de outras matérias, exceto de malha;
28.054.00;9505.90.00;28. Venda de mercadorias pelo sistema porta a porta;54.0;Artigos para outras festas, carnaval ou outros divertimentos;
28.055.00;33;28. Venda de mercadorias pelo sistema porta a porta;55.0;Produtos destinados à higiene bucal;
28.056.00;33;28. Venda de mercadorias pelo sistema porta a porta;56.0;Outros produtos cosméticos e de higiene pessoal não relacionados em outros itens deste anexo;
28.056.00;34;28. Venda de mercadorias pelo sistema porta a porta;56.0;Outros produtos cosméticos e de higiene pessoal não relacionados em outros itens deste anexo;
28.057.00;14;28. Venda de mercadorias pelo sistema porta a porta;57.0;Outros artigos destinados a cuidados pessoais não relacionados em outros itens deste anexo;
28.057.00;39;28. Venda de mercadorias pelo sistema porta a porta;57.0;Outros artigos destinados a cuidados pessoais não relacionados em outros itens deste anexo;
28.057.00;40;28. Venda de mercadorias pelo sistema porta a porta;57.0;Outros artigos destinados a cuidados pessoais não relacionados em outros itens deste anexo;
28.057.00;44;28. Venda de mercadorias pelo sistema porta a porta;57.0;Outros artigos destinados a cuidados pessoais não relacionados em outros itens deste anexo;
28.057.00;48;28. Venda de mercadorias pelo sistema porta a porta;57.0;Outros artigos destinados a cuidados pessoais não relacionados em outros itens deste anexo;
28.057.00;63;28. Venda de mercadorias pelo sistema porta a porta;57.0;Outros artigos destinados a cuidados pessoais não relacionados em outros itens deste anexo;
28.057.00;64;28. Venda de mercadorias pelo sistema porta a porta;57.0;Outros artigos destinados a cuidados pessoais não relacionados em outros itens deste anexo;
28.057.00;65;28. Venda de mercadorias pelo sistema porta a porta;57.0;Outros artigos destinados a cuidados pessoais não relacionados em outros itens deste anexo;
28.057.00;67;28. Venda de mercadorias pelo sistema porta a porta;57.0;Outros artigos destinados a cuidados pessoais não relacionados em outros itens deste anexo;
28.057.00;70;28. Venda de mercadorias pelo sistema porta a porta;57.0;Outros artigos destinados a cuidados pessoais não relacionados em outros itens deste anexo;
28.057.00;82;28. Venda de mercadorias pelo sistema porta a porta;57.0;Outros artigos destinados a cuidados pessoais não relacionados em outros itens deste anexo;
28.057.00;90;28. Venda de mercadorias pelo sistema porta a porta;57.0;Outros artigos destinados a cuidados pessoais não relacionados em outros itens deste anexo;
28.057.00;96;28. Venda de mercadorias pelo sistema porta a porta;57.0;Outros artigos destinados a cuidados pessoais não relacionados em outros itens deste anexo;
28.058.00;39;28. Venda de mercadorias pelo sistema porta a porta;58.0;Acessórios (por exemplo, bijuterias, relógios, óculos de sol, bolsas, mochilas, frasqueiras, carteiras, porta-cartões, porta-documentos, porta-celulares e embalagens presenteáveis (por exemplo, caixinhas de papel), entre outros itens assemelhados);
28.058.00;42;28. Venda de mercadorias pelo sistema porta a porta;58.0;Acessórios (por exemplo, bijuterias, relógios, óculos de sol, bolsas, mochilas, frasqueiras, carteiras, porta-cartões, porta-documentos, porta-celulares e embalagens presenteáveis (por exemplo, caixinhas de papel), entre outros itens assemelhados);
28.058.00;48;28. Venda de mercadorias pelo sistema porta a porta;58.0;Acessórios (por exemplo, bijuterias, relógios, óculos de sol, bolsas, mochilas, frasqueiras, carteiras, porta-cartões, porta-documentos, porta-celulares e embalagens presenteáveis (por exemplo, caixinhas de papel), entre outros itens assemelhados);
28.058.00;52;28. Venda de mercadorias pelo sistema porta a porta;58.0;Acessórios (por exemplo, bijuterias, relógios, óculos de sol, bolsas, mochilas, frasqueiras, carteiras, porta-cartões, porta-documentos, porta-celulares e embalagens presenteáveis (por exemplo, caixinhas de papel), entre outros itens assemelhados);
28.058.00;61;28. Venda de mercadorias pelo sistema porta a porta;58.0;Acessórios (por exemplo, bijuterias, relógios, óculos de sol, bolsas, mochilas, frasqueiras, carteiras, porta-cartões, porta-documentos, porta-celulares e embalagens presenteáveis (por exemplo, caixinhas de papel), entre outros itens assemelhados);
28.058.00;71;28. Venda de mercadorias pelo sistema porta a porta;58.0;Acessórios (por exemplo, bijuterias, relógios, óculos de sol, bolsas, mochilas, frasqueiras, carteiras, porta-cartões, porta-documentos, porta-celulares e embalagens presenteáveis (por exemplo, caixinhas de papel), entre outros itens assemelhados);
28.058.00;83;28. Venda de mercadorias pelo sistema porta a porta;58.0;Acessórios (por exemplo, bijuterias, relógios, óculos de sol, bolsas, mochilas, frasqueiras, carteiras, porta-cartões, porta-documentos, porta-celulares e embalagens presenteáveis (por exemplo, caixinhas de papel), entre outros itens assemelhados);
28.058.00;90;28. Venda de mercadorias pelo sistema porta a porta;58.0;Acessórios (por exemplo, bijuterias, relógios, óculos de sol, bolsas, mochilas, frasqueiras, carteiras, porta-cartões, porta-documentos, porta-celulares e embalagens presenteáveis (por exemplo, caixinhas de papel), entre outros itens assemelhados);
28.058.00;91;28. Venda de mercadorias pelo sistema porta a porta;58.0;Acessórios (por exemplo, bijuterias, relógios, óculos de sol, bolsas, mochilas, frasqueiras, carteiras, porta-cartões, porta-documentos, porta-celulares e embalagens presenteáveis (por exemplo, caixinhas de papel), entre outros itens assemelhados);
28.059.00;61;28. Venda de mercadorias pelo sistema porta a porta;59.0;"Vestuário e seus acessórios; calçados, polainas e artefatos semelhantes, e suas partes";
28.059.00;62;28. Venda de mercadorias pelo sistema porta a porta;59.0;"Vestuário e seus acessórios; calçados, polainas e artefatos semelhantes, e suas partes";
28.059.00;64;28. Venda de mercadorias pelo sistema porta a porta;59.0;"Vestuário e seus acessórios; calçados, polainas e artefatos semelhantes, e suas partes";
28.060.00;42;28. Venda de mercadorias pelo sistema porta a porta;60.0;Outros artigos de vestuário em geral, exceto os relacionados no item anterior;
28.060.00;52;28. Venda de mercadorias pelo sistema porta a porta;60.0;Outros artigos de vestuário em geral, exceto os relacionados no item anterior;
28.060.00;55;28. Venda de mercadorias pelo sistema porta a porta;60.0;Outros artigos de vestuário em geral, exceto os relacionados no item anterior;
28.060.00;58;28. Venda de mercadorias pelo sistema porta a porta;60.0;Outros artigos de vestuário em geral, exceto os relacionados no item anterior;
28.060.00;63;28. Venda de mercadorias pelo sistema porta a porta;60.0;Outros artigos de vestuário em geral, exceto os relacionados no item anterior;
28.060.00;65;28. Venda de mercadorias pelo sistema porta a porta;60.0;Outros artigos de vestuário em geral, exceto os relacionados no item anterior;
28.061.00;39;28. Venda de mercadorias pelo sistema porta a porta;61.0;Artigos de casa;
28.061.00;40;28. Venda de mercadorias pelo sistema porta a porta;61.0;Artigos de casa;
28.061.00;52;28. Venda de mercadorias pelo sistema porta a porta;61.0;Artigos de casa;
28.061.00;56;28. Venda de mercadorias pelo sistema porta a porta;61.0;Artigos de casa;
28.061.00;62;28. Venda de mercadorias pelo sistema porta a porta;61.0;Artigos de casa;
28.061.00;63;28. Venda de mercadorias pelo sistema porta a porta;61.0;Artigos de casa;
28.061.00;66;28. Venda de mercadorias pelo sistema porta a porta;61.0;Artigos de casa;
28.061.00;69;28. Venda de mercadorias pelo sistema porta a porta;61.0;Artigos de casa;
28.061.00;70;28. Venda de mercadorias pelo sistema porta a porta;61.0;Artigos de casa;
28.061.00;93;28. Venda de mercadorias pelo sistema porta a porta;61.0;Artigos de casa;
28.061.00;76;28. Venda de mercadorias pelo sistema porta a porta;61.0;Artigos de casa;
28.061.00;82;28. Venda de mercadorias pelo sistema porta a porta;61.0;Artigos de casa;
28.061.00;83;28. Venda de mercadorias pelo sistema porta a porta;61.0;Artigos de casa;
28.061.00;84;28. Venda de mercadorias pelo sistema porta a porta;61.0;Artigos de casa;
28.061.00;91;28. Venda de mercadorias pelo sistema porta a porta;61.0;Artigos de casa;
28.061.00;94;28. Venda de mercadorias pelo sistema porta a porta;61.0;Artigos de casa;
28.061.00;96;28. Venda de mercadorias pelo sistema porta a porta;61.0;Artigos de casa;
28.062.00;13;28. Venda de mercadorias pelo sistema porta a porta;62.0;Produtos das indústrias alimentares e bebidas;
28.062.00;15;28. Venda de mercadorias pelo sistema porta a porta;62.0;Produtos das indústrias alimentares e bebidas;
28.062.00;16;28. Venda de mercadorias pelo sistema porta a porta;62.0;Produtos das indústrias alimentares e bebidas;
28.062.00;17;28. Venda de mercadorias pelo sistema porta a porta;62.0;Produtos das indústrias alimentares e bebidas;
28.062.00;18;28. Venda de mercadorias pelo sistema porta a porta;62.0;Produtos das indústrias alimentares e bebidas;
28.062.00;19;28. Venda de mercadorias pelo sistema porta a porta;62.0;Produtos das indústrias alimentares e bebidas;
28.062.00;20;28. Venda de mercadorias pelo sistema porta a porta;62.0;Produtos das indústrias alimentares e bebidas;
28.062.00;21;28. Venda de mercadorias pelo sistema porta a porta;62.0;Produtos das indústrias alimentares e bebidas;
28.062.00;22;28. Venda de mercadorias pelo sistema porta a porta;62.0;Produtos das indústrias alimentares e bebidas;
28.062.00;23;28. Venda de mercadorias pelo sistema porta a porta;62.0;Produtos das indústrias alimentares e bebidas;
28.063.00;22;28. Venda de mercadorias pelo sistema porta a porta;63.0;Produtos de limpeza e conservação doméstica;
28.063.00;27;28. Venda de mercadorias pelo sistema porta a porta;63.0;Produtos de limpeza e conservação doméstica;
28.063.00;28;28. Venda de mercadorias pelo sistema porta a porta;63.0;Produtos de limpeza e conservação doméstica;
28.063.00;29;28. Venda de mercadorias pelo sistema porta a porta;63.0;Produtos de limpeza e conservação doméstica;
28.063.00;33;28. Venda de mercadorias pelo sistema porta a porta;63.0;Produtos de limpeza e conservação doméstica;
28.063.00;34;28. Venda de mercadorias pelo sistema porta a porta;63.0;Produtos de limpeza e conservação doméstica;
28.063.00;35;28. Venda de mercadorias pelo sistema porta a porta;63.0;Produtos de limpeza e conservação doméstica;
28.063.00;38;28. Venda de mercadorias pelo sistema porta a porta;63.0;Produtos de limpeza e conservação doméstica;
28.063.00;39;28. Venda de mercadorias pelo sistema porta a porta;63.0;Produtos de limpeza e conservação doméstica;
28.063.00;63;28. Venda de mercadorias pelo sistema porta a porta;63.0;Produtos de limpeza e conservação doméstica;
28.063.00;68;28. Venda de mercadorias pelo sistema porta a porta;63.0;Produtos de limpeza e conservação doméstica;
28.063.00;73;28. Venda de mercadorias pelo sistema porta a porta;63.0;Produtos de limpeza e conservação doméstica;
28.063.00;84;28. Venda de mercadorias pelo sistema porta a porta;63.0;Produtos de limpeza e conservação doméstica;
28.063.00;85;28. Venda de mercadorias pelo sistema porta a porta;63.0;Produtos de limpeza e conservação doméstica;
28.063.00;96;28. Venda de mercadorias pelo sistema porta a porta;63.0;Produtos de limpeza e conservação doméstica;
28.064.00;39;28. Venda de mercadorias pelo sistema porta a porta;64.0;Artigos infantis;
28.064.00;49;28. Venda de mercadorias pelo sistema porta a porta;64.0;Artigos infantis;
28.064.00;95;28. Venda de mercadorias pelo sistema porta a porta;64.0;Artigos infantis;
28.064.00;96;28. Venda de mercadorias pelo sistema porta a porta;64.0;Artigos infantis;
28.999.00;;28. Venda de mercadorias pelo sistema porta a porta;999.0;Outros produtos comercializados pelo sistema de marketing direto porta-a-porta a consumidor final não relacionados em outros itens deste anexo;
